,Daily New Cases,,owid-covid-data.csv,,,,,Monthly Unempolyment Rate,,,,,Government Response Index,,,,,,,Containment Health Index,,,,,,,Economic Support Index,,,,,,Stringency Index,,
,https://github.com/owid/covid-19-data/tree/master/public/data,,,,,,Region,Singapore,United Kingdom,United States,,,https://github.com/OxCGRT/covid-policy-tracker/tree/master/data/timeseries,,,,,,,,,,,,,,,,,,,,,,
Date,Singapore,United Kingdom,United States,,,,01/2020,2.4,3.9,3.5,,,Singapore,United Kingdom,United States,,,,,Singapore,United Kingdom,United States,,,,,Singapore,United Kingdom,United States,,,,Singapore,United Kingdom,United States
2020/1/1,0,0,0,,,,02/2020,2.4,3.9,3.5,,2020/1/1,3.12,0,0,,,,2020/1/1,3.57,0,0,,,,2020/1/1,0,0,0,,,2020/1/1,5.56,0,0
2020/1/2,0,0,0,,,,03/2020,2.4,3.9,4.4,,2020/1/2,13.02,0,0,,,,2020/1/2,14.88,0,0,,,,2020/1/2,0,0,0,,,2020/1/2,19.44,0,0
2020/1/3,0,0,0,,,,04/2020,2.6,3.9,14.8,,2020/1/3,13.02,0,0,,,,2020/1/3,14.88,0,0,,,,2020/1/3,0,0,0,,,2020/1/3,19.44,0,0
2020/1/4,0,0,0,,,,05/2020,2.8,3.8,13.3,,2020/1/4,13.02,0,0,,,,2020/1/4,14.88,0,0,,,,2020/1/4,0,0,0,,,2020/1/4,19.44,0,0
2020/1/5,0,0,0,,,,06/2020,2.8,4,11.1,,2020/1/5,13.02,0,0,,,,2020/1/5,14.88,0,0,,,,2020/1/5,0,0,0,,,2020/1/5,19.44,0,0
2020/1/6,0,0,0,,,,07/2020,3.2,4.4,10.2,,2020/1/6,13.02,0,0,,,,2020/1/6,14.88,0,0,,,,2020/1/6,0,0,0,,,2020/1/6,19.44,0,0
2020/1/7,0,0,0,,,,08/2020,3.4,4.7,8.4,,2020/1/7,13.02,0,0,,,,2020/1/7,14.88,0,0,,,,2020/1/7,0,0,0,,,2020/1/7,19.44,0,0
2020/1/8,0,0,0,,,,09/2020,3.5,4.9,7.8,,2020/1/8,13.02,0,0,,,,2020/1/8,14.88,0,0,,,,2020/1/8,0,0,0,,,2020/1/8,19.44,0,0
2020/1/9,0,0,0,,,,10/2020,3.5,5.1,6.9,,2020/1/9,13.02,0,0,,,,2020/1/9,14.88,0,0,,,,2020/1/9,0,0,0,,,2020/1/9,19.44,0,0
2020/1/10,0,0,0,,,,11/2020,3.4,5.3,6.7,,2020/1/10,13.02,0,0,,,,2020/1/10,14.88,0,0,,,,2020/1/10,0,0,0,,,2020/1/10,19.44,0,0
2020/1/11,0,0,0,,,,12/2020,3.3,5.5,6.7,,2020/1/11,13.02,0,0,,,,2020/1/11,14.88,0,0,,,,2020/1/11,0,0,0,,,2020/1/11,19.44,0,0
2020/1/12,0,0,0,,,,01/2021,3.2,5.7,6.3,,2020/1/12,13.02,0,0,,,,2020/1/12,14.88,0,0,,,,2020/1/12,0,0,0,,,2020/1/12,19.44,0,0
2020/1/13,0,0,0,,,,02/2021,3,5.9,6.2,,2020/1/13,13.02,0,0,,,,2020/1/13,14.88,0,0,,,,2020/1/13,0,0,0,,,2020/1/13,19.44,0,0
2020/1/14,0,0,0,,,,03/2021,2.9,6.1,6,,2020/1/14,13.02,0,0,,,,2020/1/14,14.88,0,0,,,,2020/1/14,0,0,0,,,2020/1/14,19.44,0,0
2020/1/15,0,0,0,,,,04/2021,2.9,6.3,6.1,,2020/1/15,13.02,0,0,,,,2020/1/15,14.88,0,0,,,,2020/1/15,0,0,0,,,2020/1/15,19.44,0,0
2020/1/16,0,0,0,,,,05/2021,2.9,6.5,5.8,,2020/1/16,13.02,0,0,,,,2020/1/16,14.88,0,0,,,,2020/1/16,0,0,0,,,2020/1/16,19.44,0,0
2020/1/17,0,0,0,,,,,,,,,2020/1/17,13.02,0,0,,,,2020/1/17,14.88,0,0,,,,2020/1/17,0,0,0,,,2020/1/17,19.44,0,0
2020/1/18,0,0,0,,,,,,,,,2020/1/18,13.02,0,0,,,,2020/1/18,14.88,0,0,,,,2020/1/18,0,0,0,,,2020/1/18,19.44,0,0
2020/1/19,0,0,0,,,,,,,,,2020/1/19,13.02,0,0,,,,2020/1/19,14.88,0,0,,,,2020/1/19,0,0,0,,,2020/1/19,19.44,0,0
2020/1/20,0,0,0,,,,,,,,,2020/1/20,19.27,5.21,0,,,,2020/1/20,22.02,5.95,0,,,,2020/1/20,0,0,0,,,2020/1/20,19.44,5.56,0
2020/1/21,0,0,0,,,,,,,,,2020/1/21,19.27,5.21,3.12,,,,2020/1/21,22.02,5.95,3.57,,,,2020/1/21,0,0,0,,,2020/1/21,19.44,5.56,0
2020/1/22,0,0,0,,,,,,,,,2020/1/22,19.27,5.21,3.12,,,,2020/1/22,22.02,5.95,3.57,,,,2020/1/22,0,0,0,,,2020/1/22,19.44,5.56,0
2020/1/23,1,0,0,,,,,,,,,2020/1/23,24.48,5.21,3.12,,,,2020/1/23,27.98,5.95,3.57,,,,2020/1/23,0,0,0,,,2020/1/23,25,5.56,0
2020/1/24,2,0,1,,,,,,,,,2020/1/24,24.48,5.21,3.12,,,,2020/1/24,27.98,5.95,3.57,,,,2020/1/24,0,0,0,,,2020/1/24,25,5.56,0
2020/1/25,0,0,0,,,,,,,,,2020/1/25,24.48,5.21,3.12,,,,2020/1/25,27.98,5.95,3.57,,,,2020/1/25,0,0,0,,,2020/1/25,25,5.56,0
2020/1/26,1,0,3,,,,,,,,,2020/1/26,24.48,5.21,3.12,,,,2020/1/26,27.98,5.95,3.57,,,,2020/1/26,0,0,0,,,2020/1/26,25,5.56,0
2020/1/27,1,0,0,,,,,,,,,2020/1/27,24.48,5.21,3.12,,,,2020/1/27,27.98,5.95,3.57,,,,2020/1/27,0,0,0,,,2020/1/27,25,5.56,0
2020/1/28,2,0,0,,,,,,,,,2020/1/28,24.48,5.21,3.12,,,,2020/1/28,27.98,5.95,3.57,,,,2020/1/28,0,0,0,,,2020/1/28,25,5.56,0
2020/1/29,0,0,1,,,,,,,,,2020/1/29,24.48,5.21,3.12,,,,2020/1/29,27.98,5.95,3.57,,,,2020/1/29,0,0,0,,,2020/1/29,25,5.56,0
2020/1/30,3,0,0,,,,,,,,,2020/1/30,24.48,5.21,3.12,,,,2020/1/30,27.98,5.95,3.57,,,,2020/1/30,0,0,0,,,2020/1/30,25,5.56,0
2020/1/31,3,2,2,,,,,,,,,2020/1/31,24.48,13.02,3.12,,,,2020/1/31,27.98,14.88,3.57,,,,2020/1/31,0,0,0,,,2020/1/31,25,8.33,0
2020/2/1,3,0,0,,,,,,,,,2020/2/1,24.48,13.02,3.12,,,,2020/2/1,27.98,14.88,3.57,,,,2020/2/1,0,0,0,,,2020/2/1,25,8.33,0
2020/2/2,2,0,0,,,,,,,,,2020/2/2,24.48,14.58,6.25,,,,2020/2/2,27.98,16.67,7.14,,,,2020/2/2,0,0,0,,,2020/2/2,25,11.11,5.56
2020/2/3,0,6,3,,,,,,,,,2020/2/3,24.48,14.58,6.25,,,,2020/2/3,27.98,16.67,7.14,,,,2020/2/3,0,0,0,,,2020/2/3,25,11.11,5.56
2020/2/4,6,0,0,,,,,,,,,2020/2/4,28.65,14.58,6.25,,,,2020/2/4,32.74,16.67,7.14,,,,2020/2/4,0,0,0,,,2020/2/4,25,11.11,5.56
2020/2/5,4,1,0,,,,,,,,,2020/2/5,28.65,14.58,6.25,,,,2020/2/5,32.74,16.67,7.14,,,,2020/2/5,0,0,0,,,2020/2/5,25,11.11,5.56
2020/2/6,0,0,1,,,,,,,,,2020/2/6,28.65,14.58,8.33,,,,2020/2/6,32.74,16.67,9.52,,,,2020/2/6,0,0,0,,,2020/2/6,25,11.11,5.56
2020/2/7,2,0,0,,,,,,,,,2020/2/7,31.77,14.58,8.33,,,,2020/2/7,36.31,16.67,9.52,,,,2020/2/7,0,0,0,,,2020/2/7,30.56,11.11,5.56
2020/2/8,3,4,0,,,,,,,,,2020/2/8,31.77,14.58,8.33,,,,2020/2/8,36.31,16.67,9.52,,,,2020/2/8,0,0,0,,,2020/2/8,30.56,11.11,5.56
2020/2/9,7,1,0,,,,,,,,,2020/2/9,31.77,14.58,8.33,,,,2020/2/9,36.31,16.67,9.52,,,,2020/2/9,0,0,0,,,2020/2/9,30.56,11.11,5.56
2020/2/10,5,0,0,,,,,,,,,2020/2/10,31.77,14.58,8.33,,,,2020/2/10,36.31,16.67,9.52,,,,2020/2/10,0,0,0,,,2020/2/10,30.56,11.11,5.56
2020/2/11,2,1,1,,,,,,,,,2020/2/11,31.77,14.58,8.33,,,,2020/2/11,36.31,16.67,9.52,,,,2020/2/11,0,0,0,,,2020/2/11,30.56,11.11,5.56
2020/2/12,3,1,0,,,,,,,,,2020/2/12,31.77,14.58,8.33,,,,2020/2/12,36.31,16.67,9.52,,,,2020/2/12,0,0,0,,,2020/2/12,30.56,11.11,5.56
2020/2/13,8,1,1,,,,,,,,,2020/2/13,31.77,14.58,8.33,,,,2020/2/13,36.31,16.67,9.52,,,,2020/2/13,0,0,0,,,2020/2/13,30.56,11.11,5.56
2020/2/14,9,1,0,,,,,,,,,2020/2/14,31.77,14.58,8.33,,,,2020/2/14,36.31,16.67,9.52,,,,2020/2/14,0,0,0,,,2020/2/14,30.56,11.11,5.56
2020/2/15,5,0,0,,,,,,,,,2020/2/15,31.77,14.58,8.33,,,,2020/2/15,36.31,16.67,9.52,,,,2020/2/15,0,0,0,,,2020/2/15,30.56,11.11,5.56
2020/2/16,3,0,0,,,,,,,,,2020/2/16,31.77,14.58,8.33,,,,2020/2/16,36.31,16.67,9.52,,,,2020/2/16,0,0,0,,,2020/2/16,30.56,11.11,5.56
2020/2/17,2,1,0,,,,,,,,,2020/2/17,31.77,14.58,8.33,,,,2020/2/17,36.31,16.67,9.52,,,,2020/2/17,0,0,0,,,2020/2/17,30.56,11.11,5.56
2020/2/18,4,0,0,,,,,,,,,2020/2/18,31.77,14.58,8.33,,,,2020/2/18,36.31,16.67,9.52,,,,2020/2/18,0,0,0,,,2020/2/18,30.56,11.11,5.56
2020/2/19,3,1,0,,,,,,,,,2020/2/19,31.77,14.58,8.33,,,,2020/2/19,36.31,16.67,9.52,,,,2020/2/19,0,0,0,,,2020/2/19,30.56,11.11,5.56
2020/2/20,0,2,0,,,,,,,,,2020/2/20,31.77,14.58,8.33,,,,2020/2/20,36.31,16.67,9.52,,,,2020/2/20,0,0,0,,,2020/2/20,30.56,11.11,5.56
2020/2/21,1,1,2,,,,,,,,,2020/2/21,31.77,14.58,8.33,,,,2020/2/21,36.31,16.67,9.52,,,,2020/2/21,0,0,0,,,2020/2/21,30.56,11.11,5.56
2020/2/22,0,0,0,,,,,,,,,2020/2/22,31.77,14.58,8.33,,,,2020/2/22,36.31,16.67,9.52,,,,2020/2/22,0,0,0,,,2020/2/22,30.56,11.11,5.56
2020/2/23,4,5,0,,,,,,,,,2020/2/23,31.77,14.58,8.33,,,,2020/2/23,36.31,16.67,9.52,,,,2020/2/23,0,0,0,,,2020/2/23,30.56,11.11,5.56
2020/2/24,0,2,0,,,,,,,,,2020/2/24,31.77,14.58,8.33,,,,2020/2/24,36.31,16.67,9.52,,,,2020/2/24,0,0,0,,,2020/2/24,30.56,11.11,5.56
2020/2/25,2,4,0,,,,,,,,,2020/2/25,31.77,14.58,8.33,,,,2020/2/25,36.31,16.67,9.52,,,,2020/2/25,0,0,0,,,2020/2/25,30.56,11.11,5.56
2020/2/26,2,3,0,,,,,,,,,2020/2/26,31.77,14.58,8.33,,,,2020/2/26,36.31,16.67,9.52,,,,2020/2/26,0,0,0,,,2020/2/26,30.56,11.11,5.56
2020/2/27,0,7,1,,,,,,,,,2020/2/27,31.77,14.58,8.33,,,,2020/2/27,36.31,16.67,9.52,,,,2020/2/27,0,0,0,,,2020/2/27,30.56,11.11,5.56
2020/2/28,0,12,0,,,,,,,,,2020/2/28,31.77,14.58,10.42,,,,2020/2/28,36.31,16.67,11.9,,,,2020/2/28,0,0,0,,,2020/2/28,30.56,11.11,5.56
2020/2/29,9,5,8,,,,,,,,,2020/2/29,31.77,14.58,10.42,,,,2020/2/29,36.31,16.67,11.9,,,,2020/2/29,0,0,0,,,2020/2/29,30.56,11.11,5.56
2020/3/1,4,33,7,,,,,,,,,2020/3/1,31.77,14.58,11.98,,,,2020/3/1,36.31,16.67,13.69,,,,2020/3/1,0,0,0,,,2020/3/1,30.56,11.11,8.33
2020/3/2,2,40,23,,,,,,,,,2020/3/2,31.77,14.58,13.54,,,,2020/3/2,36.31,16.67,15.48,,,,2020/3/2,0,0,0,,,2020/3/2,30.56,11.11,11.11
2020/3/3,2,55,19,,,,,,,,,2020/3/3,31.77,14.58,13.54,,,,2020/3/3,36.31,16.67,15.48,,,,2020/3/3,0,0,0,,,2020/3/3,30.56,11.11,11.11
2020/3/4,0,57,33,,,,,,,,,2020/3/4,31.77,14.58,15.62,,,,2020/3/4,36.31,16.67,17.86,,,,2020/3/4,0,0,0,,,2020/3/4,30.56,11.11,11.11
2020/3/5,7,49,77,,,,,,,,,2020/3/5,31.77,14.58,20.83,,,,2020/3/5,36.31,16.67,23.81,,,,2020/3/5,0,0,0,,,2020/3/5,30.56,11.11,20.37
2020/3/6,13,79,53,,,,,,,,,2020/3/6,31.77,14.58,20.83,,,,2020/3/6,36.31,16.67,23.81,,,,2020/3/6,0,0,0,,,2020/3/6,30.56,11.11,20.37
2020/3/7,8,55,166,,,,,,,,,2020/3/7,31.77,14.58,20.83,,,,2020/3/7,36.31,16.67,23.81,,,,2020/3/7,0,0,0,,,2020/3/7,30.56,11.11,20.37
2020/3/8,12,54,116,,,,,,,,,2020/3/8,31.77,14.58,20.83,,,,2020/3/8,36.31,16.67,23.81,,,,2020/3/8,0,0,0,,,2020/3/8,30.56,11.11,20.37
2020/3/9,0,147,75,,,,,,,,,2020/3/9,31.77,14.58,20.83,,,,2020/3/9,36.31,16.67,23.81,,,,2020/3/9,0,0,0,,,2020/3/9,30.56,11.11,20.37
2020/3/10,10,259,188,,,,,,,,,2020/3/10,31.77,14.58,21.61,,,,2020/3/10,36.31,16.67,24.7,,,,2020/3/10,0,0,0,,,2020/3/10,30.56,11.11,20.37
2020/3/11,18,412,365,,,,,,,,,2020/3/11,31.77,14.58,22.4,,,,2020/3/11,36.31,16.67,25.6,,,,2020/3/11,0,0,0,,,2020/3/11,30.56,11.11,21.76
2020/3/12,0,489,439,,,,,,,,,2020/3/12,31.77,8.33,27.08,,,,2020/3/12,36.31,9.52,30.95,,,,2020/3/12,0,0,0,,,2020/3/12,30.56,11.11,30.09
2020/3/13,22,480,633,,,,,,,,,2020/3/13,34.9,9.38,29.17,,,,2020/3/13,39.88,10.71,33.33,,,,2020/3/13,0,0,0,,,2020/3/13,36.11,12.96,30.09
2020/3/14,12,364,759,,,,,,,,,2020/3/14,34.9,9.38,34.38,,,,2020/3/14,39.88,10.71,39.29,,,,2020/3/14,0,0,0,,,2020/3/14,36.11,12.96,35.65
2020/3/15,14,443,234,,,,,,,,,2020/3/15,34.9,9.38,37.5,,,,2020/3/15,39.88,10.71,42.86,,,,2020/3/15,0,0,0,,,2020/3/15,36.11,12.96,41.2
2020/3/16,17,615,1467,,,,,,,,,2020/3/16,34.9,11.46,43.75,,,,2020/3/16,39.88,13.1,50,,,,2020/3/16,0,0,0,,,2020/3/16,36.11,16.67,52.31
2020/3/17,23,770,1833,,,,,,,,,2020/3/17,34.9,17.71,45.31,,,,2020/3/17,39.88,16.67,51.79,,,,2020/3/17,0,25,0,,,2020/3/17,36.11,22.22,55.09
2020/3/18,47,1006,2657,,,,,,,,,2020/3/18,34.9,22.92,45.31,,,,2020/3/18,39.88,22.62,51.79,,,,2020/3/18,0,25,0,,,2020/3/18,36.11,31.48,55.09
2020/3/19,32,1066,4494,,,,,,,,,2020/3/19,34.9,26.04,52.08,,,,2020/3/19,39.88,22.62,59.52,,,,2020/3/19,0,50,0,,,2020/3/19,36.11,31.48,67.13
2020/3/20,40,1258,6367,,,,,,,,,2020/3/20,34.9,33.85,52.08,,,,2020/3/20,39.88,26.19,59.52,,,,2020/3/20,0,87.5,0,,,2020/3/20,36.11,37.04,67.13
2020/3/21,47,1215,5995,,,,,,,,,2020/3/21,34.9,39.58,55.21,,,,2020/3/21,39.88,32.74,63.1,,,,2020/3/21,0,87.5,0,,,2020/3/21,36.11,47.22,72.69
2020/3/22,23,1388,8873,,,,,,,,,2020/3/22,34.9,47.92,55.21,,,,2020/3/22,39.88,42.26,63.1,,,,2020/3/22,0,87.5,0,,,2020/3/22,36.11,62.04,72.69
2020/3/23,54,2349,11238,,,,,,,,,2020/3/23,34.9,63.28,55.21,,,,2020/3/23,39.88,59.82,63.1,,,,2020/3/23,0,87.5,0,,,2020/3/23,36.11,78.24,72.69
2020/3/24,49,2382,10619,,,,,,,,,2020/3/24,34.9,64.06,55.21,,,,2020/3/24,39.88,60.71,63.1,,,,2020/3/24,0,87.5,0,,,2020/3/24,36.11,79.63,72.69
2020/3/25,73,2717,12082,,,,,,,,,2020/3/25,34.9,64.06,55.21,,,,2020/3/25,39.88,60.71,63.1,,,,2020/3/25,0,87.5,0,,,2020/3/25,36.11,79.63,72.69
2020/3/26,52,3127,17856,,,,,,,,,2020/3/26,34.9,65.62,55.21,,,,2020/3/26,39.88,60.71,63.1,,,,2020/3/26,0,100,0,,,2020/3/26,36.11,79.63,72.69
2020/3/27,49,3249,18690,,,,,,,,,2020/3/27,34.9,65.62,63.02,,,,2020/3/27,39.88,60.71,63.1,,,,2020/3/27,0,100,62.5,,,2020/3/27,36.11,79.63,72.69
2020/3/28,70,2843,19630,,,,,,,,,2020/3/28,34.9,65.62,63.02,,,,2020/3/28,39.88,60.71,63.1,,,,2020/3/28,0,100,62.5,,,2020/3/28,36.11,79.63,72.69
2020/3/29,42,2892,18899,,,,,,,,,2020/3/29,34.9,65.62,63.02,,,,2020/3/29,39.88,60.71,63.1,,,,2020/3/29,0,100,62.5,,,2020/3/29,36.11,79.63,72.69
2020/3/30,35,4327,22075,,,,,,,,,2020/3/30,34.9,65.62,63.02,,,,2020/3/30,39.88,60.71,63.1,,,,2020/3/30,0,100,62.5,,,2020/3/30,36.11,79.63,72.69
2020/3/31,47,4534,26314,,,,,,,,,2020/3/31,34.9,65.62,63.02,,,,2020/3/31,39.88,60.71,63.1,,,,2020/3/31,0,100,62.5,,,2020/3/31,36.11,79.63,72.69
2020/4/1,74,4974,32286,,,,,,,,,2020/4/1,38.02,65.62,63.02,,,,2020/4/1,39.88,60.71,63.1,,,,2020/4/1,25,100,62.5,,,2020/4/1,36.11,79.63,72.69
2020/4/2,49,4929,32222,,,,,,,,,2020/4/2,40.1,65.62,63.02,,,,2020/4/2,42.26,60.71,63.1,,,,2020/4/2,25,100,62.5,,,2020/4/2,36.11,79.63,72.69
2020/4/3,65,4981,32307,,,,,,,,,2020/4/3,46.88,65.62,63.02,,,,2020/4/3,50,60.71,63.1,,,,2020/4/3,25,100,62.5,,,2020/4/3,45.37,79.63,72.69
2020/4/4,75,4073,32386,,,,,,,,,2020/4/4,46.88,65.62,64.58,,,,2020/4/4,50,60.71,64.88,,,,2020/4/4,25,100,62.5,,,2020/4/4,45.37,79.63,72.69
2020/4/5,120,3650,29895,,,,,,,,,2020/4/5,46.88,65.62,64.58,,,,2020/4/5,50,60.71,64.88,,,,2020/4/5,25,100,62.5,,,2020/4/5,45.37,79.63,72.69
2020/4/6,66,5316,31390,,,,,,,,,2020/4/6,46.88,65.62,66.15,,,,2020/4/6,50,60.71,66.67,,,,2020/4/6,25,100,62.5,,,2020/4/6,45.37,79.63,72.69
2020/4/7,106,5486,30779,,,,,,,,,2020/4/7,53.13,65.62,66.15,,,,2020/4/7,57.14,60.71,66.67,,,,2020/4/7,25,100,62.5,,,2020/4/7,56.48,79.63,72.69
2020/4/8,142,5163,31235,,,,,,,,,2020/4/8,64.58,65.62,66.15,,,,2020/4/8,70.24,60.71,66.67,,,,2020/4/8,25,100,62.5,,,2020/4/8,76.85,79.63,72.69
2020/4/9,287,4906,35942,,,,,,,,,2020/4/9,64.58,65.62,66.15,,,,2020/4/9,70.24,60.71,66.67,,,,2020/4/9,25,100,62.5,,,2020/4/9,76.85,79.63,72.69
2020/4/10,198,4367,34403,,,,,,,,,2020/4/10,64.58,65.62,66.15,,,,2020/4/10,70.24,60.71,66.67,,,,2020/4/10,25,100,62.5,,,2020/4/10,76.85,79.63,72.69
2020/4/11,191,3613,29083,,,,,,,,,2020/4/11,64.58,65.62,66.15,,,,2020/4/11,70.24,60.71,66.67,,,,2020/4/11,25,100,62.5,,,2020/4/11,76.85,79.63,72.69
2020/4/12,233,3539,27256,,,,,,,,,2020/4/12,64.58,65.62,66.15,,,,2020/4/12,70.24,60.71,66.67,,,,2020/4/12,25,100,62.5,,,2020/4/12,76.85,79.63,72.69
2020/4/13,386,4205,26939,,,,,,,,,2020/4/13,64.58,65.62,66.15,,,,2020/4/13,70.24,60.71,66.67,,,,2020/4/13,25,100,62.5,,,2020/4/13,76.85,79.63,72.69
2020/4/14,334,4348,28818,,,,,,,,,2020/4/14,69.27,65.62,66.15,,,,2020/4/14,75.6,60.71,66.67,,,,2020/4/14,25,100,62.5,,,2020/4/14,76.85,79.63,72.69
2020/4/15,447,5100,25408,,,,,,,,,2020/4/15,69.27,65.62,66.15,,,,2020/4/15,75.6,60.71,66.67,,,,2020/4/15,25,100,62.5,,,2020/4/15,76.85,79.63,72.69
2020/4/16,728,5343,30002,,,,,,,,,2020/4/16,69.27,65.62,66.15,,,,2020/4/16,75.6,60.71,66.67,,,,2020/4/16,25,100,62.5,,,2020/4/16,76.85,79.63,72.69
2020/4/17,623,4990,33066,,,,,,,,,2020/4/17,69.27,65.62,66.15,,,,2020/4/17,75.6,60.71,66.67,,,,2020/4/17,25,100,62.5,,,2020/4/17,76.85,79.63,72.69
2020/4/18,942,4736,27907,,,,,,,,,2020/4/18,69.27,65.62,66.15,,,,2020/4/18,75.6,60.71,66.67,,,,2020/4/18,25,100,62.5,,,2020/4/18,76.85,79.63,72.69
2020/4/19,596,3860,26062,,,,,,,,,2020/4/19,69.27,65.62,66.15,,,,2020/4/19,75.6,60.71,66.67,,,,2020/4/19,25,100,62.5,,,2020/4/19,76.85,79.63,72.69
2020/4/20,1426,4866,29820,,,,,,,,,2020/4/20,75.52,65.62,66.15,,,,2020/4/20,75.6,60.71,66.67,,,,2020/4/20,75,100,62.5,,,2020/4/20,76.85,79.63,72.69
2020/4/21,1111,4775,25926,,,,,,,,,2020/4/21,75.52,65.62,66.15,,,,2020/4/21,75.6,60.71,66.67,,,,2020/4/21,75,100,62.5,,,2020/4/21,76.85,79.63,72.69
2020/4/22,1016,5505,28911,,,,,,,,,2020/4/22,75.52,65.62,66.15,,,,2020/4/22,75.6,60.71,66.67,,,,2020/4/22,75,100,62.5,,,2020/4/22,76.85,79.63,72.69
2020/4/23,1037,5168,33612,,,,,,,,,2020/4/23,75.52,65.62,66.15,,,,2020/4/23,75.6,60.71,66.67,,,,2020/4/23,75,100,62.5,,,2020/4/23,76.85,79.63,72.69
2020/4/24,897,4981,32327,,,,,,,,,2020/4/24,75.52,65.62,66.15,,,,2020/4/24,75.6,60.71,66.67,,,,2020/4/24,75,100,62.5,,,2020/4/24,76.85,79.63,72.69
2020/4/25,618,3764,30380,,,,,,,,,2020/4/25,75.52,65.62,66.15,,,,2020/4/25,75.6,60.71,66.67,,,,2020/4/25,75,100,62.5,,,2020/4/25,76.85,79.63,72.69
2020/4/26,931,3473,26488,,,,,,,,,2020/4/26,75.52,65.62,66.15,,,,2020/4/26,75.6,60.71,66.67,,,,2020/4/26,75,100,62.5,,,2020/4/26,76.85,79.63,72.69
2020/4/27,799,4704,23715,,,,,,,,,2020/4/27,75.52,65.62,66.15,,,,2020/4/27,75.6,60.71,66.67,,,,2020/4/27,75,100,62.5,,,2020/4/27,76.85,79.63,72.69
2020/4/28,528,4727,24575,,,,,,,,,2020/4/28,75.52,66.41,66.15,,,,2020/4/28,75.6,61.61,66.67,,,,2020/4/28,75,100,62.5,,,2020/4/28,76.85,79.63,72.69
2020/4/29,690,5450,26459,,,,,,,,,2020/4/29,75.52,66.41,66.15,,,,2020/4/29,75.6,61.61,66.67,,,,2020/4/29,75,100,62.5,,,2020/4/29,76.85,79.63,72.69
2020/4/30,528,4964,29205,,,,,,,,,2020/4/30,75.52,66.41,66.15,,,,2020/4/30,75.6,61.61,66.67,,,,2020/4/30,75,100,62.5,,,2020/4/30,76.85,79.63,72.69
2020/5/1,932,4730,34907,,,,,,,,,2020/5/1,75.52,66.41,66.15,,,,2020/5/1,75.6,61.61,66.67,,,,2020/5/1,75,100,62.5,,,2020/5/1,76.85,79.63,72.69
2020/5/2,447,3230,27348,,,,,,,,,2020/5/2,75.52,66.41,66.15,,,,2020/5/2,75.6,61.61,66.67,,,,2020/5/2,75,100,62.5,,,2020/5/2,76.85,79.63,72.69
2020/5/3,657,2977,24321,,,,,,,,,2020/5/3,75.52,66.41,66.15,,,,2020/5/3,75.6,61.61,66.67,,,,2020/5/3,75,100,62.5,,,2020/5/3,76.85,79.63,72.69
2020/5/4,573,3383,24068,,,,,,,,,2020/5/4,75.52,66.41,66.15,,,,2020/5/4,75.6,61.61,66.67,,,,2020/5/4,75,100,62.5,,,2020/5/4,76.85,79.63,72.69
2020/5/5,632,3689,24528,,,,,,,,,2020/5/5,75.52,66.41,66.15,,,,2020/5/5,75.6,61.61,66.67,,,,2020/5/5,75,100,62.5,,,2020/5/5,76.85,79.63,72.69
2020/5/6,788,3836,24569,,,,,,,,,2020/5/6,75.52,66.41,66.15,,,,2020/5/6,75.6,61.61,66.67,,,,2020/5/6,75,100,62.5,,,2020/5/6,76.85,79.63,72.69
2020/5/7,741,3771,27429,,,,,,,,,2020/5/7,75.52,66.41,66.15,,,,2020/5/7,75.6,61.61,66.67,,,,2020/5/7,75,100,62.5,,,2020/5/7,76.85,79.63,72.69
2020/5/8,768,3052,26830,,,,,,,,,2020/5/8,75.52,66.41,66.15,,,,2020/5/8,75.6,61.61,66.67,,,,2020/5/8,75,100,62.5,,,2020/5/8,76.85,79.63,72.69
2020/5/9,753,2150,25176,,,,,,,,,2020/5/9,75.52,66.41,66.15,,,,2020/5/9,75.6,61.61,66.67,,,,2020/5/9,75,100,62.5,,,2020/5/9,76.85,79.63,72.69
2020/5/10,876,2322,18805,,,,,,,,,2020/5/10,75.52,66.41,66.15,,,,2020/5/10,75.6,61.61,66.67,,,,2020/5/10,75,100,62.5,,,2020/5/10,76.85,79.63,72.69
2020/5/11,486,3589,19298,,,,,,,,,2020/5/11,75.52,65.36,66.15,,,,2020/5/11,75.6,60.42,66.67,,,,2020/5/11,75,100,62.5,,,2020/5/11,76.85,77.78,72.69
2020/5/12,849,3395,22927,,,,,,,,,2020/5/12,73.44,65.36,66.15,,,,2020/5/12,73.21,60.42,66.67,,,,2020/5/12,75,100,62.5,,,2020/5/12,73.15,77.78,72.69
2020/5/13,675,3300,20433,,,,,,,,,2020/5/13,73.44,61.72,66.15,,,,2020/5/13,73.21,56.25,66.67,,,,2020/5/13,75,100,62.5,,,2020/5/13,73.15,71.3,72.69
2020/5/14,752,2618,26817,,,,,,,,,2020/5/14,73.44,61.72,66.15,,,,2020/5/14,73.21,56.25,66.67,,,,2020/5/14,75,100,62.5,,,2020/5/14,73.15,71.3,72.69
2020/5/15,793,2521,24733,,,,,,,,,2020/5/15,73.44,61.72,66.15,,,,2020/5/15,73.21,56.25,66.67,,,,2020/5/15,75,100,62.5,,,2020/5/15,73.15,71.3,72.69
2020/5/16,465,2072,24135,,,,,,,,,2020/5/16,73.44,61.72,66.15,,,,2020/5/16,73.21,56.25,66.67,,,,2020/5/16,75,100,62.5,,,2020/5/16,73.15,71.3,72.69
2020/5/17,682,1826,18388,,,,,,,,,2020/5/17,73.44,61.72,66.15,,,,2020/5/17,73.21,56.25,66.67,,,,2020/5/17,75,100,62.5,,,2020/5/17,73.15,71.3,72.69
2020/5/18,305,2577,22389,,,,,,,,,2020/5/18,73.44,63.8,66.15,,,,2020/5/18,73.21,58.63,66.67,,,,2020/5/18,75,100,62.5,,,2020/5/18,73.15,71.3,72.69
2020/5/19,451,3058,20979,,,,,,,,,2020/5/19,73.44,63.8,66.15,,,,2020/5/19,73.21,58.63,66.67,,,,2020/5/19,75,100,62.5,,,2020/5/19,73.15,71.3,72.69
2020/5/20,570,2712,22725,,,,,,,,,2020/5/20,73.44,63.8,66.15,,,,2020/5/20,73.21,58.63,66.67,,,,2020/5/20,75,100,62.5,,,2020/5/20,73.15,71.3,72.69
2020/5/21,448,2554,25769,,,,,,,,,2020/5/21,73.44,63.8,66.15,,,,2020/5/21,73.21,58.63,66.67,,,,2020/5/21,75,100,62.5,,,2020/5/21,73.15,71.3,72.69
2020/5/22,614,2041,23649,,,,,,,,,2020/5/22,73.44,63.8,66.15,,,,2020/5/22,73.21,58.63,66.67,,,,2020/5/22,75,100,62.5,,,2020/5/22,73.15,71.3,72.69
2020/5/23,642,1508,21099,,,,,,,,,2020/5/23,73.44,63.8,66.15,,,,2020/5/23,73.21,58.63,66.67,,,,2020/5/23,75,100,62.5,,,2020/5/23,73.15,71.3,72.69
2020/5/24,548,1355,20077,,,,,,,,,2020/5/24,73.44,63.8,66.15,,,,2020/5/24,73.21,58.63,66.67,,,,2020/5/24,75,100,62.5,,,2020/5/24,73.15,71.3,72.69
2020/5/25,344,1613,18662,,,,,,,,,2020/5/25,73.44,63.8,66.15,,,,2020/5/25,73.21,58.63,66.67,,,,2020/5/25,75,100,62.5,,,2020/5/25,73.15,71.3,72.69
2020/5/26,383,1659,19663,,,,,,,,,2020/5/26,76.56,63.8,66.15,,,,2020/5/26,73.21,58.63,66.67,,,,2020/5/26,100,100,62.5,,,2020/5/26,73.15,71.3,72.69
2020/5/27,533,1809,18551,,,,,,,,,2020/5/27,76.56,66.93,66.15,,,,2020/5/27,73.21,62.2,66.67,,,,2020/5/27,100,100,62.5,,,2020/5/27,73.15,71.3,72.69
2020/5/28,373,1736,22320,,,,,,,,,2020/5/28,76.56,66.93,66.15,,,,2020/5/28,73.21,62.2,66.67,,,,2020/5/28,100,100,62.5,,,2020/5/28,73.15,71.3,72.69
2020/5/29,611,1508,24478,,,,,,,,,2020/5/29,76.56,65.89,66.15,,,,2020/5/29,73.21,61.01,66.67,,,,2020/5/29,100,100,62.5,,,2020/5/29,73.15,69.44,72.69
2020/5/30,506,1107,23632,,,,,,,,,2020/5/30,76.56,65.89,66.15,,,,2020/5/30,73.21,61.01,66.67,,,,2020/5/30,100,100,62.5,,,2020/5/30,73.15,69.44,72.69
2020/5/31,518,1070,18983,,,,,,,,,2020/5/31,76.56,65.89,66.15,,,,2020/5/31,73.21,61.01,66.67,,,,2020/5/31,100,100,62.5,,,2020/5/31,73.15,69.44,72.69
2020/6/1,408,1444,17414,,,,,,,,,2020/6/1,76.56,67.97,66.15,,,,2020/6/1,73.21,63.39,66.67,,,,2020/6/1,100,100,62.5,,,2020/6/1,73.15,67.59,72.69
2020/6/2,544,1470,21502,,,,,,,,,2020/6/2,72.4,67.97,66.15,,,,2020/6/2,68.45,63.39,66.67,,,,2020/6/2,100,100,62.5,,,2020/6/2,65.74,67.59,72.69
2020/6/3,569,1349,19857,,,,,,,,,2020/6/3,72.4,67.97,66.15,,,,2020/6/3,68.45,63.39,66.67,,,,2020/6/3,100,100,62.5,,,2020/6/3,65.74,67.59,72.69
2020/6/4,517,1238,21658,,,,,,,,,2020/6/4,72.4,67.97,66.15,,,,2020/6/4,68.45,63.39,66.67,,,,2020/6/4,100,100,62.5,,,2020/6/4,65.74,67.59,72.69
2020/6/5,261,1110,25403,,,,,,,,,2020/6/5,72.4,67.97,66.15,,,,2020/6/5,68.45,63.39,66.67,,,,2020/6/5,100,100,62.5,,,2020/6/5,65.74,67.59,72.69
2020/6/6,344,794,21142,,,,,,,,,2020/6/6,72.4,67.97,66.15,,,,2020/6/6,68.45,63.39,66.67,,,,2020/6/6,100,100,62.5,,,2020/6/6,65.74,67.59,72.69
2020/6/7,383,718,17928,,,,,,,,,2020/6/7,72.4,67.97,66.15,,,,2020/6/7,68.45,63.39,66.67,,,,2020/6/7,100,100,62.5,,,2020/6/7,65.74,67.59,72.69
2020/6/8,386,1094,17616,,,,,,,,,2020/6/8,72.4,71.09,66.15,,,,2020/6/8,68.45,66.96,66.67,,,,2020/6/8,100,100,62.5,,,2020/6/8,65.74,73.15,72.69
2020/6/9,218,1159,18383,,,,,,,,,2020/6/9,72.4,71.09,66.15,,,,2020/6/9,68.45,66.96,66.67,,,,2020/6/9,100,100,62.5,,,2020/6/9,65.74,73.15,72.69
2020/6/10,451,1186,21111,,,,,,,,,2020/6/10,72.4,71.09,66.15,,,,2020/6/10,68.45,66.96,66.67,,,,2020/6/10,100,100,62.5,,,2020/6/10,65.74,73.15,72.69
2020/6/11,422,1007,23166,,,,,,,,,2020/6/11,72.4,71.09,66.15,,,,2020/6/11,68.45,66.96,66.67,,,,2020/6/11,100,100,62.5,,,2020/6/11,65.74,73.15,72.69
2020/6/12,463,1054,24828,,,,,,,,,2020/6/12,72.4,71.09,66.15,,,,2020/6/12,68.45,66.96,66.67,,,,2020/6/12,100,100,62.5,,,2020/6/12,65.74,73.15,72.69
2020/6/13,347,888,25212,,,,,,,,,2020/6/13,72.4,71.09,66.15,,,,2020/6/13,68.45,66.96,66.67,,,,2020/6/13,100,100,62.5,,,2020/6/13,65.74,73.15,72.69
2020/6/14,407,807,18941,,,,,,,,,2020/6/14,72.4,71.09,66.15,,,,2020/6/14,68.45,66.96,66.67,,,,2020/6/14,100,100,62.5,,,2020/6/14,65.74,73.15,72.69
2020/6/15,214,1031,19827,,,,,,,,,2020/6/15,72.4,70.05,64.06,,,,2020/6/15,68.45,65.77,64.29,,,,2020/6/15,100,100,62.5,,,2020/6/15,65.74,71.3,68.98
2020/6/16,151,1083,23667,,,,,,,,,2020/6/16,72.4,70.05,64.06,,,,2020/6/16,68.45,65.77,64.29,,,,2020/6/16,100,100,62.5,,,2020/6/16,65.74,71.3,68.98
2020/6/17,247,999,27072,,,,,,,,,2020/6/17,72.4,70.05,64.06,,,,2020/6/17,68.45,65.77,64.29,,,,2020/6/17,100,100,62.5,,,2020/6/17,65.74,71.3,68.98
2020/6/18,257,1020,28537,,,,,,,,,2020/6/18,72.4,70.05,64.06,,,,2020/6/18,68.45,65.77,64.29,,,,2020/6/18,100,100,62.5,,,2020/6/18,65.74,71.3,68.98
2020/6/19,142,984,31544,,,,,,,,,2020/6/19,61.98,70.05,64.06,,,,2020/6/19,56.55,65.77,64.29,,,,2020/6/19,100,100,62.5,,,2020/6/19,50.93,71.3,68.98
2020/6/20,218,666,32280,,,,,,,,,2020/6/20,61.98,70.05,64.06,,,,2020/6/20,56.55,65.77,64.29,,,,2020/6/20,100,100,62.5,,,2020/6/20,50.93,71.3,68.98
2020/6/21,262,624,25150,,,,,,,,,2020/6/21,61.98,70.05,64.06,,,,2020/6/21,56.55,65.77,64.29,,,,2020/6/21,100,100,62.5,,,2020/6/21,50.93,71.3,68.98
2020/6/22,218,892,32144,,,,,,,,,2020/6/22,61.98,71.61,64.06,,,,2020/6/22,56.55,67.56,64.29,,,,2020/6/22,100,100,62.5,,,2020/6/22,50.93,71.3,68.98
2020/6/23,119,882,37072,,,,,,,,,2020/6/23,61.98,71.61,64.06,,,,2020/6/23,56.55,67.56,64.29,,,,2020/6/23,100,100,62.5,,,2020/6/23,50.93,71.3,68.98
2020/6/24,191,777,35878,,,,,,,,,2020/6/24,61.98,71.61,64.06,,,,2020/6/24,56.55,67.56,64.29,,,,2020/6/24,100,100,62.5,,,2020/6/24,50.93,71.3,68.98
2020/6/25,113,697,40326,,,,,,,,,2020/6/25,61.98,71.61,64.06,,,,2020/6/25,56.55,67.56,64.29,,,,2020/6/25,100,100,62.5,,,2020/6/25,50.93,71.3,68.98
2020/6/26,219,639,45999,,,,,,,,,2020/6/26,61.98,71.61,64.06,,,,2020/6/26,56.55,67.56,64.29,,,,2020/6/26,100,100,62.5,,,2020/6/26,50.93,71.3,68.98
2020/6/27,291,634,41330,,,,,,,,,2020/6/27,61.98,71.61,64.06,,,,2020/6/27,56.55,67.56,64.29,,,,2020/6/27,100,100,62.5,,,2020/6/27,50.93,71.3,68.98
2020/6/28,213,407,40734,,,,,,,,,2020/6/28,61.98,71.61,64.06,,,,2020/6/28,56.55,67.56,64.29,,,,2020/6/28,100,100,62.5,,,2020/6/28,50.93,71.3,68.98
2020/6/29,202,620,41299,,,,,,,,,2020/6/29,61.98,71.61,64.06,,,,2020/6/29,56.55,67.56,64.29,,,,2020/6/29,100,100,62.5,,,2020/6/29,50.93,71.3,68.98
2020/6/30,246,404,46420,,,,,,,,,2020/6/30,61.98,71.61,64.06,,,,2020/6/30,56.55,67.56,64.29,,,,2020/6/30,100,100,62.5,,,2020/6/30,50.93,71.3,68.98
2020/7/1,215,63,51820,,,,,,,,,2020/7/1,61.98,71.61,65.62,,,,2020/7/1,56.55,67.56,66.07,,,,2020/7/1,100,100,62.5,,,2020/7/1,50.93,71.3,68.98
2020/7/2,188,6,56636,,,,,,,,,2020/7/2,61.98,71.61,65.62,,,,2020/7/2,56.55,67.56,66.07,,,,2020/7/2,100,100,62.5,,,2020/7/2,50.93,71.3,68.98
2020/7/3,169,502,51351,,,,,,,,,2020/7/3,61.98,71.61,65.62,,,,2020/7/3,56.55,67.56,66.07,,,,2020/7/3,100,100,62.5,,,2020/7/3,50.93,71.3,68.98
2020/7/4,185,625,45693,,,,,,,,,2020/7/4,61.98,70.83,65.62,,,,2020/7/4,56.55,66.67,66.07,,,,2020/7/4,100,100,62.5,,,2020/7/4,50.93,69.91,68.98
2020/7/5,136,519,50747,,,,,,,,,2020/7/5,61.98,70.83,65.62,,,,2020/7/5,56.55,66.67,66.07,,,,2020/7/5,100,100,62.5,,,2020/7/5,50.93,69.91,68.98
2020/7/6,183,359,43106,,,,,,,,,2020/7/6,61.98,66.67,65.62,,,,2020/7/6,56.55,61.9,66.07,,,,2020/7/6,100,100,62.5,,,2020/7/6,50.93,64.35,68.98
2020/7/7,157,584,60661,,,,,,,,,2020/7/7,61.98,66.67,65.62,,,,2020/7/7,56.55,61.9,66.07,,,,2020/7/7,100,100,62.5,,,2020/7/7,50.93,64.35,68.98
2020/7/8,158,637,60119,,,,,,,,,2020/7/8,61.98,66.67,65.62,,,,2020/7/8,56.55,61.9,66.07,,,,2020/7/8,100,100,62.5,,,2020/7/8,50.93,64.35,68.98
2020/7/9,125,643,62509,,,,,,,,,2020/7/9,61.98,66.67,65.62,,,,2020/7/9,56.55,61.9,66.07,,,,2020/7/9,100,100,62.5,,,2020/7/9,50.93,64.35,68.98
2020/7/10,191,524,68057,,,,,,,,,2020/7/10,61.98,66.67,65.62,,,,2020/7/10,56.55,61.9,66.07,,,,2020/7/10,100,100,62.5,,,2020/7/10,50.93,64.35,68.98
2020/7/11,169,826,60017,,,,,,,,,2020/7/11,61.98,66.67,65.62,,,,2020/7/11,56.55,61.9,66.07,,,,2020/7/11,100,100,62.5,,,2020/7/11,50.93,64.35,68.98
2020/7/12,178,650,58424,,,,,,,,,2020/7/12,61.98,66.67,65.62,,,,2020/7/12,56.55,61.9,66.07,,,,2020/7/12,100,100,62.5,,,2020/7/12,50.93,64.35,68.98
2020/7/13,322,537,58930,,,,,,,,,2020/7/13,61.98,66.67,65.62,,,,2020/7/13,56.55,61.9,66.07,,,,2020/7/13,100,100,62.5,,,2020/7/13,50.93,64.35,68.98
2020/7/14,347,1240,68051,,,,,,,,,2020/7/14,61.98,66.67,65.62,,,,2020/7/14,56.55,61.9,66.07,,,,2020/7/14,100,100,62.5,,,2020/7/14,50.93,64.35,68.98
2020/7/15,248,538,68090,,,,,,,,,2020/7/15,61.98,66.67,65.62,,,,2020/7/15,56.55,61.9,66.07,,,,2020/7/15,100,100,62.5,,,2020/7/15,50.93,64.35,68.98
2020/7/16,248,647,75866,,,,,,,,,2020/7/16,61.98,66.67,65.62,,,,2020/7/16,56.55,61.9,66.07,,,,2020/7/16,100,100,62.5,,,2020/7/16,50.93,64.35,68.98
2020/7/17,327,687,72236,,,,,,,,,2020/7/17,61.98,66.67,65.62,,,,2020/7/17,56.55,61.9,66.07,,,,2020/7/17,100,100,62.5,,,2020/7/17,50.93,64.35,68.98
2020/7/18,202,829,62536,,,,,,,,,2020/7/18,61.98,66.67,65.62,,,,2020/7/18,56.55,61.9,66.07,,,,2020/7/18,100,100,62.5,,,2020/7/18,50.93,64.35,68.98
2020/7/19,257,726,60456,,,,,,,,,2020/7/19,61.98,66.67,65.62,,,,2020/7/19,56.55,61.9,66.07,,,,2020/7/19,100,100,62.5,,,2020/7/19,50.93,64.35,68.98
2020/7/20,123,586,62107,,,,,,,,,2020/7/20,61.98,66.67,64.58,,,,2020/7/20,56.55,61.9,64.88,,,,2020/7/20,100,100,62.5,,,2020/7/20,50.93,64.35,67.13
2020/7/21,399,445,64461,,,,,,,,,2020/7/21,61.98,66.67,64.58,,,,2020/7/21,56.55,61.9,64.88,,,,2020/7/21,100,100,62.5,,,2020/7/21,50.93,64.35,67.13
2020/7/22,310,563,70579,,,,,,,,,2020/7/22,61.98,66.67,64.58,,,,2020/7/22,56.55,61.9,64.88,,,,2020/7/22,100,100,62.5,,,2020/7/22,50.93,64.35,67.13
2020/7/23,354,779,68445,,,,,,,,,2020/7/23,61.98,66.67,64.58,,,,2020/7/23,56.55,61.9,64.88,,,,2020/7/23,100,100,62.5,,,2020/7/23,50.93,64.35,67.13
2020/7/24,277,769,73319,,,,,,,,,2020/7/24,61.98,66.67,64.58,,,,2020/7/24,56.55,61.9,64.88,,,,2020/7/24,100,100,62.5,,,2020/7/24,50.93,64.35,67.13
2020/7/25,513,770,64953,,,,,,,,,2020/7/25,61.98,66.67,64.58,,,,2020/7/25,56.55,61.9,64.88,,,,2020/7/25,100,100,62.5,,,2020/7/25,50.93,64.35,67.13
2020/7/26,481,750,54816,,,,,,,,,2020/7/26,61.98,66.67,64.58,,,,2020/7/26,56.55,61.9,64.88,,,,2020/7/26,100,100,62.5,,,2020/7/26,50.93,64.35,67.13
2020/7/27,469,688,56783,,,,,,,,,2020/7/27,61.98,66.67,64.58,,,,2020/7/27,56.55,61.9,64.88,,,,2020/7/27,100,100,62.5,,,2020/7/27,50.93,64.35,67.13
2020/7/28,359,553,66412,,,,,,,,,2020/7/28,61.98,66.67,64.58,,,,2020/7/28,56.55,61.9,64.88,,,,2020/7/28,100,100,62.5,,,2020/7/28,50.93,64.35,67.13
2020/7/29,334,802,71873,,,,,,,,,2020/7/29,61.98,66.67,64.58,,,,2020/7/29,56.55,61.9,64.88,,,,2020/7/29,100,100,62.5,,,2020/7/29,50.93,64.35,67.13
2020/7/30,278,847,67466,,,,,,,,,2020/7/30,61.98,66.67,64.58,,,,2020/7/30,56.55,61.9,64.88,,,,2020/7/30,100,100,62.5,,,2020/7/30,50.93,64.35,67.13
2020/7/31,396,883,68712,,,,,,,,,2020/7/31,61.98,66.67,64.58,,,,2020/7/31,56.55,61.9,64.88,,,,2020/7/31,100,100,62.5,,,2020/7/31,50.93,64.35,67.13
2020/8/1,307,769,56201,,,,,,,,,2020/8/1,61.98,69.79,64.58,,,,2020/8/1,56.55,65.48,64.88,,,,2020/8/1,100,100,62.5,,,2020/8/1,50.93,69.91,67.13
2020/8/2,313,747,45568,,,,,,,,,2020/8/2,61.98,69.79,64.58,,,,2020/8/2,56.55,65.48,64.88,,,,2020/8/2,100,100,62.5,,,2020/8/2,50.93,69.91,67.13
2020/8/3,226,942,45501,,,,,,,,,2020/8/3,61.98,69.79,64.58,,,,2020/8/3,56.55,65.48,64.88,,,,2020/8/3,100,100,62.5,,,2020/8/3,50.93,69.91,67.13
2020/8/4,295,675,58774,,,,,,,,,2020/8/4,61.98,69.79,64.58,,,,2020/8/4,56.55,65.48,64.88,,,,2020/8/4,100,100,62.5,,,2020/8/4,50.93,69.91,67.13
2020/8/5,908,906,54466,,,,,,,,,2020/8/5,61.98,69.79,64.58,,,,2020/8/5,56.55,65.48,64.88,,,,2020/8/5,100,100,62.5,,,2020/8/5,50.93,69.91,67.13
2020/8/6,301,964,59349,,,,,,,,,2020/8/6,61.98,69.79,64.58,,,,2020/8/6,56.55,65.48,64.88,,,,2020/8/6,100,100,62.5,,,2020/8/6,50.93,69.91,67.13
2020/8/7,242,900,59303,,,,,,,,,2020/8/7,61.98,69.79,64.58,,,,2020/8/7,56.55,65.48,64.88,,,,2020/8/7,100,100,62.5,,,2020/8/7,50.93,69.91,67.13
2020/8/8,132,765,54134,,,,,,,,,2020/8/8,61.98,69.79,64.58,,,,2020/8/8,56.55,65.48,64.88,,,,2020/8/8,100,100,62.5,,,2020/8/8,50.93,69.91,67.13
2020/8/9,175,1113,45769,,,,,,,,,2020/8/9,61.98,69.79,64.58,,,,2020/8/9,56.55,65.48,64.88,,,,2020/8/9,100,100,62.5,,,2020/8/9,50.93,69.91,67.13
2020/8/10,188,818,47606,,,,,,,,,2020/8/10,61.98,69.79,64.58,,,,2020/8/10,56.55,65.48,64.88,,,,2020/8/10,100,100,62.5,,,2020/8/10,50.93,69.91,67.13
2020/8/11,61,1150,48003,,,,,,,,,2020/8/11,61.98,69.79,64.58,,,,2020/8/11,56.55,65.48,64.88,,,,2020/8/11,100,100,62.5,,,2020/8/11,50.93,69.91,67.13
2020/8/12,42,1039,56040,,,,,,,,,2020/8/12,61.98,69.79,64.58,,,,2020/8/12,56.55,65.48,64.88,,,,2020/8/12,100,100,62.5,,,2020/8/12,50.93,69.91,67.13
2020/8/13,102,1148,51316,,,,,,,,,2020/8/13,61.98,67.71,64.58,,,,2020/8/13,56.55,63.1,64.88,,,,2020/8/13,100,100,62.5,,,2020/8/13,50.93,66.2,67.13
2020/8/14,83,1461,65336,,,,,,,,,2020/8/14,61.98,67.71,64.58,,,,2020/8/14,56.55,63.1,64.88,,,,2020/8/14,100,100,62.5,,,2020/8/14,50.93,66.2,67.13
2020/8/15,81,1042,46951,,,,,,,,,2020/8/15,61.98,67.71,64.58,,,,2020/8/15,56.55,63.1,64.88,,,,2020/8/15,100,100,62.5,,,2020/8/15,50.93,66.2,67.13
2020/8/16,86,1111,39212,,,,,,,,,2020/8/16,61.98,67.71,64.58,,,,2020/8/16,56.55,63.1,64.88,,,,2020/8/16,100,100,62.5,,,2020/8/16,50.93,66.2,67.13
2020/8/17,91,721,36652,,,,,,,,,2020/8/17,61.98,69.27,64.58,,,,2020/8/17,56.55,64.88,64.88,,,,2020/8/17,100,100,62.5,,,2020/8/17,50.93,66.2,67.13
2020/8/18,100,1113,45033,,,,,,,,,2020/8/18,61.98,69.27,64.58,,,,2020/8/18,56.55,64.88,64.88,,,,2020/8/18,100,100,62.5,,,2020/8/18,50.93,66.2,67.13
2020/8/19,93,831,47320,,,,,,,,,2020/8/19,61.98,69.27,64.58,,,,2020/8/19,56.55,64.88,64.88,,,,2020/8/19,100,100,62.5,,,2020/8/19,50.93,66.2,67.13
2020/8/20,68,1195,44041,,,,,,,,,2020/8/20,61.98,69.27,64.58,,,,2020/8/20,56.55,64.88,64.88,,,,2020/8/20,100,100,62.5,,,2020/8/20,50.93,66.2,67.13
2020/8/21,117,1060,48843,,,,,,,,,2020/8/21,61.98,69.27,64.58,,,,2020/8/21,56.55,64.88,64.88,,,,2020/8/21,100,100,62.5,,,2020/8/21,50.93,66.2,67.13
2020/8/22,50,1332,43064,,,,,,,,,2020/8/22,61.98,69.27,64.58,,,,2020/8/22,56.55,64.88,64.88,,,,2020/8/22,100,100,62.5,,,2020/8/22,50.93,66.2,67.13
2020/8/23,87,1048,34247,,,,,,,,,2020/8/23,61.98,69.27,64.58,,,,2020/8/23,56.55,64.88,64.88,,,,2020/8/23,100,100,62.5,,,2020/8/23,50.93,66.2,67.13
2020/8/24,51,977,36482,,,,,,,,,2020/8/24,61.98,69.27,64.58,,,,2020/8/24,56.55,64.88,64.88,,,,2020/8/24,100,100,62.5,,,2020/8/24,50.93,66.2,67.13
2020/8/25,31,1201,40354,,,,,,,,,2020/8/25,61.98,69.27,64.58,,,,2020/8/25,56.55,64.88,64.88,,,,2020/8/25,100,100,62.5,,,2020/8/25,50.93,66.2,67.13
2020/8/26,60,1146,45172,,,,,,,,,2020/8/26,61.98,69.27,64.58,,,,2020/8/26,56.55,64.88,64.88,,,,2020/8/26,100,100,62.5,,,2020/8/26,50.93,66.2,67.13
2020/8/27,77,1542,45393,,,,,,,,,2020/8/27,61.98,69.27,64.58,,,,2020/8/27,56.55,64.88,64.88,,,,2020/8/27,100,100,62.5,,,2020/8/27,50.93,66.2,67.13
2020/8/28,94,1297,46832,,,,,,,,,2020/8/28,61.98,69.27,64.58,,,,2020/8/28,56.55,64.88,64.88,,,,2020/8/28,100,100,62.5,,,2020/8/28,50.93,66.2,67.13
2020/8/29,51,1110,42754,,,,,,,,,2020/8/29,61.98,69.27,64.58,,,,2020/8/29,56.55,64.88,64.88,,,,2020/8/29,100,100,62.5,,,2020/8/29,50.93,66.2,67.13
2020/8/30,54,1752,34404,,,,,,,,,2020/8/30,61.98,66.15,64.58,,,,2020/8/30,56.55,61.31,64.88,,,,2020/8/30,100,100,62.5,,,2020/8/30,50.93,66.2,67.13
2020/8/31,41,1415,35362,,,,,,,,,2020/8/31,61.98,66.15,64.58,,,,2020/8/31,56.55,61.31,64.88,,,,2020/8/31,100,100,62.5,,,2020/8/31,50.93,66.2,67.13
2020/9/1,40,1332,41846,,,,,,,,,2020/9/1,61.98,65.1,64.58,,,,2020/9/1,56.55,60.12,64.88,,,,2020/9/1,100,100,62.5,,,2020/9/1,50.93,64.35,67.13
2020/9/2,8,1514,41018,,,,,,,,,2020/9/2,61.98,65.1,64.58,,,,2020/9/2,56.55,60.12,64.88,,,,2020/9/2,100,100,62.5,,,2020/9/2,50.93,64.35,67.13
2020/9/3,48,1779,44251,,,,,,,,,2020/9/3,61.98,65.1,64.58,,,,2020/9/3,56.55,60.12,64.88,,,,2020/9/3,100,100,62.5,,,2020/9/3,50.93,64.35,67.13
2020/9/4,40,1978,50382,,,,,,,,,2020/9/4,61.98,65.1,64.58,,,,2020/9/4,56.55,60.12,64.88,,,,2020/9/4,100,100,62.5,,,2020/9/4,50.93,64.35,67.13
2020/9/5,34,1827,43158,,,,,,,,,2020/9/5,61.98,65.1,64.58,,,,2020/9/5,56.55,60.12,64.88,,,,2020/9/5,100,100,62.5,,,2020/9/5,50.93,64.35,67.13
2020/9/6,40,2987,31218,,,,,,,,,2020/9/6,61.98,65.1,64.58,,,,2020/9/6,56.55,60.12,64.88,,,,2020/9/6,100,100,62.5,,,2020/9/6,50.93,64.35,67.13
2020/9/7,22,2953,23613,,,,,,,,,2020/9/7,61.98,65.1,64.58,,,,2020/9/7,56.55,60.12,64.88,,,,2020/9/7,100,100,62.5,,,2020/9/7,50.93,64.35,67.13
2020/9/8,47,2481,27226,,,,,,,,,2020/9/8,61.98,65.1,64.58,,,,2020/9/8,56.55,60.12,64.88,,,,2020/9/8,100,100,62.5,,,2020/9/8,50.93,64.35,67.13
2020/9/9,75,2681,34049,,,,,,,,,2020/9/9,61.98,65.1,64.58,,,,2020/9/9,56.55,60.12,64.88,,,,2020/9/9,100,100,62.5,,,2020/9/9,50.93,64.35,67.13
2020/9/10,63,2931,36056,,,,,,,,,2020/9/10,61.98,65.1,64.58,,,,2020/9/10,56.55,60.12,64.88,,,,2020/9/10,100,100,62.5,,,2020/9/10,50.93,64.35,67.13
2020/9/11,86,3544,47769,,,,,,,,,2020/9/11,61.98,65.1,64.58,,,,2020/9/11,56.55,60.12,64.88,,,,2020/9/11,100,100,62.5,,,2020/9/11,50.93,64.35,67.13
2020/9/12,42,3504,41101,,,,,,,,,2020/9/12,61.98,65.1,61.98,,,,2020/9/12,56.55,60.12,61.9,,,,2020/9/12,100,100,62.5,,,2020/9/12,50.93,64.35,62.5
2020/9/13,49,3338,34372,,,,,,,,,2020/9/13,61.98,65.1,61.98,,,,2020/9/13,56.55,60.12,61.9,,,,2020/9/13,100,100,62.5,,,2020/9/13,50.93,64.35,62.5
2020/9/14,48,2625,34423,,,,,,,,,2020/9/14,61.98,65.89,61.98,,,,2020/9/14,56.55,61.01,61.9,,,,2020/9/14,100,100,62.5,,,2020/9/14,50.93,65.74,62.5
2020/9/15,34,3115,39492,,,,,,,,,2020/9/15,61.98,65.89,61.98,,,,2020/9/15,56.55,61.01,61.9,,,,2020/9/15,100,100,62.5,,,2020/9/15,50.93,65.74,62.5
2020/9/16,26,4007,39030,,,,,,,,,2020/9/16,61.98,65.89,61.98,,,,2020/9/16,56.55,61.01,61.9,,,,2020/9/16,100,100,62.5,,,2020/9/16,50.93,65.74,62.5
2020/9/17,18,3410,45130,,,,,,,,,2020/9/17,61.98,65.89,61.98,,,,2020/9/17,56.55,61.01,61.9,,,,2020/9/17,100,100,62.5,,,2020/9/17,50.93,65.74,62.5
2020/9/18,11,4329,49282,,,,,,,,,2020/9/18,61.98,65.89,61.98,,,,2020/9/18,56.55,61.01,61.9,,,,2020/9/18,100,100,62.5,,,2020/9/18,50.93,65.74,62.5
2020/9/19,15,4429,42202,,,,,,,,,2020/9/19,61.98,65.89,61.98,,,,2020/9/19,56.55,61.01,61.9,,,,2020/9/19,100,100,62.5,,,2020/9/19,50.93,65.74,62.5
2020/9/20,18,3899,38447,,,,,,,,,2020/9/20,61.98,65.89,61.98,,,,2020/9/20,56.55,61.01,61.9,,,,2020/9/20,100,100,62.5,,,2020/9/20,50.93,65.74,62.5
2020/9/21,30,4378,51878,,,,,,,,,2020/9/21,61.98,65.89,61.98,,,,2020/9/21,56.55,61.01,61.9,,,,2020/9/21,100,100,62.5,,,2020/9/21,50.93,65.74,62.5
2020/9/22,21,4936,39866,,,,,,,,,2020/9/22,61.98,65.89,61.98,,,,2020/9/22,56.55,61.01,61.9,,,,2020/9/22,100,100,62.5,,,2020/9/22,50.93,65.74,62.5
2020/9/23,12,6187,39069,,,,,,,,,2020/9/23,61.98,65.89,61.98,,,,2020/9/23,56.55,61.01,61.9,,,,2020/9/23,100,100,62.5,,,2020/9/23,50.93,65.74,62.5
2020/9/24,15,6644,47103,,,,,,,,,2020/9/24,61.98,66.93,61.98,,,,2020/9/24,56.55,62.2,61.9,,,,2020/9/24,100,100,62.5,,,2020/9/24,50.93,67.59,62.5
2020/9/25,11,6878,48295,,,,,,,,,2020/9/25,61.98,66.93,61.98,,,,2020/9/25,56.55,62.2,61.9,,,,2020/9/25,100,100,62.5,,,2020/9/25,50.93,67.59,62.5
2020/9/26,20,6050,44673,,,,,,,,,2020/9/26,61.98,66.93,61.98,,,,2020/9/26,56.55,62.2,61.9,,,,2020/9/26,100,100,62.5,,,2020/9/26,50.93,67.59,62.5
2020/9/27,15,5700,37528,,,,,,,,,2020/9/27,61.98,66.93,61.98,,,,2020/9/27,56.55,62.2,61.9,,,,2020/9/27,100,100,62.5,,,2020/9/27,50.93,67.59,62.5
2020/9/28,15,4056,33294,,,,,,,,,2020/9/28,61.98,66.93,61.98,,,,2020/9/28,56.55,62.2,61.9,,,,2020/9/28,100,100,62.5,,,2020/9/28,50.93,67.59,62.5
2020/9/29,27,7156,43338,,,,,,,,,2020/9/29,61.98,66.93,61.98,,,,2020/9/29,56.55,62.2,61.9,,,,2020/9/29,100,100,62.5,,,2020/9/29,50.93,67.59,62.5
2020/9/30,23,7117,39443,,,,,,,,,2020/9/30,61.98,66.93,61.98,,,,2020/9/30,56.55,62.2,61.9,,,,2020/9/30,100,100,62.5,,,2020/9/30,50.93,67.59,62.5
2020/10/1,19,6929,45650,,,,,,,,,2020/10/1,58.85,66.93,61.98,,,,2020/10/1,52.98,62.2,61.9,,,,2020/10/1,100,100,62.5,,,2020/10/1,45.37,67.59,62.5
2020/10/2,10,6994,54950,,,,,,,,,2020/10/2,58.85,66.93,61.98,,,,2020/10/2,52.98,62.2,61.9,,,,2020/10/2,100,100,62.5,,,2020/10/2,45.37,67.59,62.5
2020/10/3,6,12885,48577,,,,,,,,,2020/10/3,58.85,66.93,61.98,,,,2020/10/3,52.98,62.2,61.9,,,,2020/10/3,100,100,62.5,,,2020/10/3,45.37,67.59,62.5
2020/10/4,12,22965,35738,,,,,,,,,2020/10/4,58.85,66.93,61.98,,,,2020/10/4,52.98,62.2,61.9,,,,2020/10/4,100,100,62.5,,,2020/10/4,45.37,67.59,62.5
2020/10/5,7,12603,39376,,,,,,,,,2020/10/5,58.85,66.93,61.98,,,,2020/10/5,52.98,62.2,61.9,,,,2020/10/5,100,100,62.5,,,2020/10/5,45.37,67.59,62.5
2020/10/6,11,14557,45289,,,,,,,,,2020/10/6,58.85,66.93,61.98,,,,2020/10/6,52.98,62.2,61.9,,,,2020/10/6,100,100,62.5,,,2020/10/6,45.37,67.59,62.5
2020/10/7,10,14173,51056,,,,,,,,,2020/10/7,58.85,66.93,61.98,,,,2020/10/7,52.98,62.2,61.9,,,,2020/10/7,100,100,62.5,,,2020/10/7,45.37,67.59,62.5
2020/10/8,9,17550,58599,,,,,,,,,2020/10/8,58.85,66.93,61.98,,,,2020/10/8,52.98,62.2,61.9,,,,2020/10/8,100,100,62.5,,,2020/10/8,45.37,67.59,62.5
2020/10/9,10,13888,56384,,,,,,,,,2020/10/9,58.85,66.93,61.98,,,,2020/10/9,52.98,62.2,61.9,,,,2020/10/9,100,100,62.5,,,2020/10/9,45.37,67.59,62.5
2020/10/10,7,15175,54953,,,,,,,,,2020/10/10,58.85,66.93,61.98,,,,2020/10/10,52.98,62.2,61.9,,,,2020/10/10,100,100,62.5,,,2020/10/10,45.37,67.59,62.5
2020/10/11,10,12882,45981,,,,,,,,,2020/10/11,58.85,66.93,61.98,,,,2020/10/11,52.98,62.2,61.9,,,,2020/10/11,100,100,62.5,,,2020/10/11,45.37,67.59,62.5
2020/10/12,4,14011,41774,,,,,,,,,2020/10/12,58.85,62.76,61.98,,,,2020/10/12,52.98,57.44,61.9,,,,2020/10/12,100,100,62.5,,,2020/10/12,45.37,60.19,62.5
2020/10/13,4,17250,52231,,,,,,,,,2020/10/13,58.85,62.76,64.06,,,,2020/10/13,52.98,57.44,64.29,,,,2020/10/13,100,100,62.5,,,2020/10/13,45.37,60.19,66.2
2020/10/14,5,19751,59778,,,,,,,,,2020/10/14,58.85,63.54,64.06,,,,2020/10/14,52.98,58.33,64.29,,,,2020/10/14,100,100,62.5,,,2020/10/14,45.37,60.19,66.2
2020/10/15,3,18996,64880,,,,,,,,,2020/10/15,58.85,63.54,64.06,,,,2020/10/15,52.98,58.33,64.29,,,,2020/10/15,100,100,62.5,,,2020/10/15,45.37,60.19,66.2
2020/10/16,9,15657,69147,,,,,,,,,2020/10/16,58.85,63.54,64.06,,,,2020/10/16,52.98,58.33,64.29,,,,2020/10/16,100,100,62.5,,,2020/10/16,45.37,60.19,66.2
2020/10/17,3,16186,56759,,,,,,,,,2020/10/17,58.85,63.54,64.06,,,,2020/10/17,52.98,58.33,64.29,,,,2020/10/17,100,100,62.5,,,2020/10/17,45.37,60.19,66.2
2020/10/18,7,16994,49367,,,,,,,,,2020/10/18,58.85,63.54,64.06,,,,2020/10/18,52.98,58.33,64.29,,,,2020/10/18,100,100,62.5,,,2020/10/18,45.37,60.19,66.2
2020/10/19,4,18830,67717,,,,,,,,,2020/10/19,58.85,66.67,64.06,,,,2020/10/19,52.98,61.9,64.29,,,,2020/10/19,100,100,62.5,,,2020/10/19,45.37,65.74,66.2
2020/10/20,6,21365,61956,,,,,,,,,2020/10/20,58.85,66.67,64.06,,,,2020/10/20,52.98,61.9,64.29,,,,2020/10/20,100,100,62.5,,,2020/10/20,45.37,65.74,66.2
2020/10/21,12,26707,63301,,,,,,,,,2020/10/21,58.85,66.67,64.06,,,,2020/10/21,52.98,61.9,64.29,,,,2020/10/21,100,100,62.5,,,2020/10/21,45.37,65.74,66.2
2020/10/22,8,21257,76310,,,,,,,,,2020/10/22,58.85,67.71,64.06,,,,2020/10/22,52.98,63.1,64.29,,,,2020/10/22,100,100,62.5,,,2020/10/22,45.37,67.59,66.2
2020/10/23,10,20559,81933,,,,,,,,,2020/10/23,58.85,71.88,64.06,,,,2020/10/23,52.98,67.86,64.29,,,,2020/10/23,100,100,62.5,,,2020/10/23,45.37,75,66.2
2020/10/24,14,23033,82767,,,,,,,,,2020/10/24,58.85,71.88,64.06,,,,2020/10/24,52.98,67.86,64.29,,,,2020/10/24,100,100,62.5,,,2020/10/24,45.37,75,66.2
2020/10/25,5,19797,62204,,,,,,,,,2020/10/25,58.85,71.88,64.06,,,,2020/10/25,52.98,67.86,64.29,,,,2020/10/25,100,100,62.5,,,2020/10/25,45.37,75,66.2
2020/10/26,3,20900,67310,,,,,,,,,2020/10/26,58.85,71.88,61.98,,,,2020/10/26,52.98,67.86,61.9,,,,2020/10/26,100,100,62.5,,,2020/10/26,45.37,75,62.5
2020/10/27,7,22924,76838,,,,,,,,,2020/10/27,58.85,71.88,61.98,,,,2020/10/27,52.98,67.86,61.9,,,,2020/10/27,100,100,62.5,,,2020/10/27,45.37,75,62.5
2020/10/28,7,24714,79426,,,,,,,,,2020/10/28,58.85,71.88,61.98,,,,2020/10/28,52.98,67.86,61.9,,,,2020/10/28,100,100,62.5,,,2020/10/28,45.37,75,62.5
2020/10/29,7,23078,91019,,,,,,,,,2020/10/29,58.85,71.88,61.98,,,,2020/10/29,52.98,67.86,61.9,,,,2020/10/29,100,100,62.5,,,2020/10/29,45.37,75,62.5
2020/10/30,9,24418,99264,,,,,,,,,2020/10/30,58.85,71.88,61.98,,,,2020/10/30,52.98,67.86,61.9,,,,2020/10/30,100,100,62.5,,,2020/10/30,45.37,75,62.5
2020/10/31,12,21919,89754,,,,,,,,,2020/10/31,58.85,71.88,61.98,,,,2020/10/31,52.98,67.86,61.9,,,,2020/10/31,100,100,62.5,,,2020/10/31,45.37,75,62.5
2020/11/1,4,23261,104900,,,,,,,,,2020/11/1,58.85,71.88,61.98,,,,2020/11/1,52.98,67.86,61.9,,,,2020/11/1,100,100,62.5,,,2020/11/1,45.37,75,62.5
2020/11/2,1,18967,85211,,,,,,,,,2020/11/2,58.85,71.88,61.98,,,,2020/11/2,52.98,67.86,61.9,,,,2020/11/2,100,100,62.5,,,2020/11/2,45.37,75,62.5
2020/11/3,9,20078,127198,,,,,,,,,2020/11/3,58.85,71.88,61.98,,,,2020/11/3,52.98,67.86,61.9,,,,2020/11/3,100,100,62.5,,,2020/11/3,45.37,75,62.5
2020/11/4,7,25206,104541,,,,,,,,,2020/11/4,58.85,71.88,61.98,,,,2020/11/4,52.98,67.86,61.9,,,,2020/11/4,100,100,62.5,,,2020/11/4,45.37,75,62.5
2020/11/5,7,24164,129367,,,,,,,,,2020/11/5,58.85,71.88,61.98,,,,2020/11/5,52.98,67.86,61.9,,,,2020/11/5,100,100,62.5,,,2020/11/5,45.37,75,62.5
2020/11/6,4,23322,128033,,,,,,,,,2020/11/6,58.85,70.31,61.98,,,,2020/11/6,52.98,66.07,61.9,,,,2020/11/6,100,100,62.5,,,2020/11/6,45.37,72.22,62.5
2020/11/7,7,24979,127510,,,,,,,,,2020/11/7,58.85,70.31,61.98,,,,2020/11/7,52.98,66.07,61.9,,,,2020/11/7,100,100,62.5,,,2020/11/7,45.37,72.22,62.5
2020/11/8,2,20580,115170,,,,,,,,,2020/11/8,58.85,70.31,61.98,,,,2020/11/8,52.98,66.07,61.9,,,,2020/11/8,100,100,62.5,,,2020/11/8,45.37,72.22,62.5
2020/11/9,8,21397,120434,,,,,,,,,2020/11/9,58.85,67.19,63.54,,,,2020/11/9,52.98,62.5,63.69,,,,2020/11/9,100,100,62.5,,,2020/11/9,45.37,66.67,65.28
2020/11/10,9,20451,140504,,,,,,,,,2020/11/10,58.85,66.15,63.54,,,,2020/11/10,52.98,61.31,63.69,,,,2020/11/10,100,100,62.5,,,2020/11/10,45.37,64.81,65.28
2020/11/11,18,23000,146750,,,,,,,,,2020/11/11,58.85,66.15,63.54,,,,2020/11/11,52.98,61.31,63.69,,,,2020/11/11,100,100,62.5,,,2020/11/11,45.37,64.81,65.28
2020/11/12,11,33517,164750,,,,,,,,,2020/11/12,58.85,66.15,63.54,,,,2020/11/12,52.98,61.31,63.69,,,,2020/11/12,100,100,62.5,,,2020/11/12,45.37,64.81,65.28
2020/11/13,12,27316,180398,,,,,,,,,2020/11/13,58.85,66.15,63.54,,,,2020/11/13,52.98,61.31,63.69,,,,2020/11/13,100,100,62.5,,,2020/11/13,45.37,64.81,65.28
2020/11/14,2,26876,167926,,,,,,,,,2020/11/14,58.85,66.15,63.54,,,,2020/11/14,52.98,61.31,63.69,,,,2020/11/14,100,100,62.5,,,2020/11/14,45.37,64.81,65.28
2020/11/15,3,24977,136356,,,,,,,,,2020/11/15,58.85,66.15,63.54,,,,2020/11/15,52.98,61.31,63.69,,,,2020/11/15,100,100,62.5,,,2020/11/15,45.37,64.81,65.28
2020/11/16,5,21416,162624,,,,,,,,,2020/11/16,58.85,66.15,69.27,,,,2020/11/16,52.98,61.31,70.24,,,,2020/11/16,100,100,62.5,,,2020/11/16,45.37,64.81,75.46
2020/11/17,6,20060,163958,,,,,,,,,2020/11/17,58.85,66.15,69.27,,,,2020/11/17,52.98,61.31,70.24,,,,2020/11/17,100,100,62.5,,,2020/11/17,45.37,64.81,75.46
2020/11/18,5,19645,173251,,,,,,,,,2020/11/18,58.85,66.15,69.27,,,,2020/11/18,52.98,61.31,70.24,,,,2020/11/18,100,100,62.5,,,2020/11/18,45.37,64.81,75.46
2020/11/19,4,22936,191510,,,,,,,,,2020/11/19,58.85,66.15,69.27,,,,2020/11/19,52.98,61.31,70.24,,,,2020/11/19,100,100,62.5,,,2020/11/19,45.37,64.81,75.46
2020/11/20,4,20274,198333,,,,,,,,,2020/11/20,58.85,67.71,69.27,,,,2020/11/20,52.98,63.1,70.24,,,,2020/11/20,100,100,62.5,,,2020/11/20,45.37,67.59,75.46
2020/11/21,5,19921,179436,,,,,,,,,2020/11/21,58.85,67.71,69.27,,,,2020/11/21,52.98,63.1,70.24,,,,2020/11/21,100,100,62.5,,,2020/11/21,45.37,67.59,75.46
2020/11/22,12,18667,146947,,,,,,,,,2020/11/22,58.85,67.71,69.27,,,,2020/11/22,52.98,63.1,70.24,,,,2020/11/22,100,100,62.5,,,2020/11/22,45.37,67.59,75.46
2020/11/23,5,15465,174089,,,,,,,,,2020/11/23,58.85,67.71,69.27,,,,2020/11/23,52.98,63.1,70.24,,,,2020/11/23,100,100,62.5,,,2020/11/23,45.37,67.59,75.46
2020/11/24,18,11344,175544,,,,,,,,,2020/11/24,58.85,67.71,69.27,,,,2020/11/24,52.98,63.1,70.24,,,,2020/11/24,100,100,62.5,,,2020/11/24,45.37,67.59,75.46
2020/11/25,7,18261,183403,,,,,,,,,2020/11/25,58.85,67.71,69.27,,,,2020/11/25,52.98,63.1,70.24,,,,2020/11/25,100,100,62.5,,,2020/11/25,45.37,67.59,75.46
2020/11/26,5,17557,112526,,,,,,,,,2020/11/26,58.85,67.71,69.27,,,,2020/11/26,52.98,63.1,70.24,,,,2020/11/26,100,100,62.5,,,2020/11/26,45.37,67.59,75.46
2020/11/27,4,14821,207933,,,,,,,,,2020/11/27,58.85,67.71,69.27,,,,2020/11/27,52.98,63.1,70.24,,,,2020/11/27,100,100,62.5,,,2020/11/27,45.37,67.59,75.46
2020/11/28,6,15891,155661,,,,,,,,,2020/11/28,58.85,67.71,69.27,,,,2020/11/28,52.98,63.1,70.24,,,,2020/11/28,100,100,62.5,,,2020/11/28,45.37,67.59,75.46
2020/11/29,8,12164,140328,,,,,,,,,2020/11/29,58.85,67.71,69.27,,,,2020/11/29,52.98,63.1,70.24,,,,2020/11/29,100,100,62.5,,,2020/11/29,45.37,67.59,75.46
2020/11/30,5,12428,160321,,,,,,,,,2020/11/30,58.85,67.71,69.27,,,,2020/11/30,52.98,63.1,70.24,,,,2020/11/30,100,100,62.5,,,2020/11/30,45.37,67.59,75.46
2020/12/1,10,13497,188339,,,,,,,,,2020/12/1,58.85,67.71,69.27,,,,2020/12/1,52.98,63.1,70.24,,,,2020/12/1,100,100,62.5,,,2020/12/1,45.37,67.59,75.46
2020/12/2,2,16237,202894,,,,,,,,,2020/12/2,58.85,67.71,67.19,,,,2020/12/2,52.98,63.1,67.86,,,,2020/12/2,100,100,62.5,,,2020/12/2,45.37,67.59,71.76
2020/12/3,9,14951,223421,,,,,,,,,2020/12/3,58.85,65.62,67.19,,,,2020/12/3,52.98,60.71,67.86,,,,2020/12/3,100,100,62.5,,,2020/12/3,45.37,63.89,71.76
2020/12/4,3,16382,232644,,,,,,,,,2020/12/4,58.85,65.62,67.19,,,,2020/12/4,52.98,60.71,67.86,,,,2020/12/4,100,100,62.5,,,2020/12/4,45.37,63.89,71.76
2020/12/5,13,15579,215811,,,,,,,,,2020/12/5,58.85,65.62,67.19,,,,2020/12/5,52.98,60.71,67.86,,,,2020/12/5,100,100,62.5,,,2020/12/5,45.37,63.89,71.76
2020/12/6,5,17372,181253,,,,,,,,,2020/12/6,58.85,65.62,67.19,,,,2020/12/6,52.98,60.71,67.86,,,,2020/12/6,100,100,62.5,,,2020/12/6,45.37,63.89,71.76
2020/12/7,13,14774,194409,,,,,,,,,2020/12/7,58.85,65.62,67.19,,,,2020/12/7,52.98,60.71,67.86,,,,2020/12/7,100,100,62.5,,,2020/12/7,45.37,63.89,71.76
2020/12/8,12,12386,224452,,,,,,,,,2020/12/8,58.85,71.46,67.19,,,,2020/12/8,52.98,67.38,67.86,,,,2020/12/8,100,100,62.5,,,2020/12/8,45.37,67.59,71.76
2020/12/9,6,16634,222648,,,,,,,,,2020/12/9,58.85,71.46,67.19,,,,2020/12/9,52.98,67.38,67.86,,,,2020/12/9,100,100,62.5,,,2020/12/9,45.37,67.59,71.76
2020/12/10,6,21066,231428,,,,,,,,,2020/12/10,58.85,71.46,67.19,,,,2020/12/10,52.98,67.38,67.86,,,,2020/12/10,100,100,62.5,,,2020/12/10,45.37,67.59,71.76
2020/12/11,8,21784,240089,,,,,,,,,2020/12/11,58.85,71.46,67.19,,,,2020/12/11,52.98,67.38,67.86,,,,2020/12/11,100,100,62.5,,,2020/12/11,45.37,67.59,71.76
2020/12/12,8,21554,217797,,,,,,,,,2020/12/12,58.85,71.46,67.19,,,,2020/12/12,52.98,67.38,67.86,,,,2020/12/12,100,100,62.5,,,2020/12/12,45.37,67.59,71.76
2020/12/13,7,18541,187971,,,,,,,,,2020/12/13,58.85,71.46,67.19,,,,2020/12/13,52.98,67.38,67.86,,,,2020/12/13,100,100,62.5,,,2020/12/13,45.37,67.59,71.76
2020/12/14,5,20377,194314,,,,,,,,,2020/12/14,61.98,74.58,68.44,,,,2020/12/14,56.55,70.95,69.29,,,,2020/12/14,100,100,62.5,,,2020/12/14,50.93,73.15,71.76
2020/12/15,16,18569,208992,,,,,,,,,2020/12/15,61.98,74.58,68.44,,,,2020/12/15,56.55,70.95,69.29,,,,2020/12/15,100,100,62.5,,,2020/12/15,50.93,73.15,71.76
2020/12/16,12,25300,246644,,,,,,,,,2020/12/16,61.98,74.58,68.44,,,,2020/12/16,56.55,70.95,69.29,,,,2020/12/16,100,100,62.5,,,2020/12/16,50.93,73.15,71.76
2020/12/17,24,35532,239900,,,,,,,,,2020/12/17,61.98,74.58,68.44,,,,2020/12/17,56.55,70.95,69.29,,,,2020/12/17,100,100,62.5,,,2020/12/17,50.93,73.15,71.76
2020/12/18,9,28560,251832,,,,,,,,,2020/12/18,61.98,74.58,68.44,,,,2020/12/18,56.55,70.95,69.29,,,,2020/12/18,100,100,62.5,,,2020/12/18,50.93,73.15,71.76
2020/12/19,17,27249,192102,,,,,,,,,2020/12/19,61.98,76.67,68.44,,,,2020/12/19,56.55,73.33,69.29,,,,2020/12/19,100,100,62.5,,,2020/12/19,50.93,76.85,71.76
2020/12/20,19,36084,188015,,,,,,,,,2020/12/20,61.98,76.67,68.44,,,,2020/12/20,56.55,73.33,69.29,,,,2020/12/20,100,100,62.5,,,2020/12/20,50.93,76.85,71.76
2020/12/21,10,33517,198703,,,,,,,,,2020/12/21,61.98,76.67,68.44,,,,2020/12/21,56.55,73.33,69.29,,,,2020/12/21,100,100,62.5,,,2020/12/21,50.93,76.85,71.76
2020/12/22,29,36931,198107,,,,,,,,,2020/12/22,64.06,76.67,68.44,,,,2020/12/22,58.93,73.33,69.29,,,,2020/12/22,100,100,62.5,,,2020/12/22,50.93,76.85,71.76
2020/12/23,21,39387,229624,,,,,,,,,2020/12/23,64.06,76.67,68.44,,,,2020/12/23,58.93,73.33,69.29,,,,2020/12/23,100,100,62.5,,,2020/12/23,50.93,76.85,71.76
2020/12/24,13,39149,194155,,,,,,,,,2020/12/24,64.06,78.23,68.44,,,,2020/12/24,58.93,75.12,69.29,,,,2020/12/24,100,100,62.5,,,2020/12/24,50.93,79.63,71.76
2020/12/25,14,32803,97880,,,,,,,,,2020/12/25,64.06,75.89,68.44,,,,2020/12/25,58.93,72.44,69.29,,,,2020/12/25,100,100,62.5,,,2020/12/25,50.93,75.46,71.76
2020/12/26,10,34788,226416,,,,,,,,,2020/12/26,64.06,79.27,68.44,,,,2020/12/26,58.93,76.31,69.29,,,,2020/12/26,100,100,62.5,,,2020/12/26,50.93,79.63,71.76
2020/12/27,5,32493,155845,,,,,,,,,2020/12/27,64.06,79.27,68.44,,,,2020/12/27,58.93,76.31,69.29,,,,2020/12/27,100,100,62.5,,,2020/12/27,50.93,79.63,71.76
2020/12/28,5,41460,174152,,,,,,,,,2020/12/28,60.94,79.27,68.44,,,,2020/12/28,55.36,76.31,69.29,,,,2020/12/28,100,100,62.5,,,2020/12/28,45.37,79.63,71.76
2020/12/29,13,53275,200408,,,,,,,,,2020/12/29,60.94,79.27,68.44,,,,2020/12/29,55.36,76.31,69.29,,,,2020/12/29,100,100,62.5,,,2020/12/29,45.37,79.63,71.76
2020/12/30,27,50239,233701,,,,,,,,,2020/12/30,62.19,79.27,68.44,,,,2020/12/30,56.79,76.31,69.29,,,,2020/12/30,100,100,62.5,,,2020/12/30,45.37,79.63,71.76
2020/12/31,30,56029,235600,,,,,,,,,2020/12/31,62.19,79.27,68.44,,,,2020/12/31,56.79,76.31,69.29,,,,2020/12/31,100,100,62.5,,,2020/12/31,45.37,79.63,71.76
2021/1/1,30,53458,153916,,,,,,,,,2021/1/1,62.19,79.27,68.44,,,,2021/1/1,56.79,76.31,69.29,,,,2021/1/1,100,100,62.5,,,2021/1/1,45.37,79.63,71.76
2021/1/2,33,57853,300462,,,,,,,,,2021/1/2,62.19,79.27,68.44,,,,2021/1/2,56.79,76.31,69.29,,,,2021/1/2,100,100,62.5,,,2021/1/2,45.37,79.63,71.76
2021/1/3,35,55157,208853,,,,,,,,,2021/1/3,62.19,79.27,68.44,,,,2021/1/3,56.79,76.31,69.29,,,,2021/1/3,100,100,62.5,,,2021/1/3,45.37,79.63,71.76
2021/1/4,24,58923,184005,,,,,,,,,2021/1/4,62.19,79.27,68.44,,,,2021/1/4,56.79,76.31,69.29,,,,2021/1/4,100,100,62.5,,,2021/1/4,45.37,79.63,71.76
2021/1/5,28,61087,235042,,,,,,,,,2021/1/5,62.19,83.96,68.44,,,,2021/1/5,56.79,81.67,69.29,,,,2021/1/5,100,100,62.5,,,2021/1/5,45.37,87.96,71.76
2021/1/6,31,62556,255637,,,,,,,,,2021/1/6,62.19,83.96,68.44,,,,2021/1/6,56.79,81.67,69.29,,,,2021/1/6,100,100,62.5,,,2021/1/6,45.37,87.96,71.76
2021/1/7,33,52787,278337,,,,,,,,,2021/1/7,62.19,83.96,68.44,,,,2021/1/7,56.79,81.67,69.29,,,,2021/1/7,100,100,62.5,,,2021/1/7,45.37,87.96,71.76
2021/1/8,23,68192,295257,,,,,,,,,2021/1/8,62.19,83.96,68.44,,,,2021/1/8,56.79,81.67,69.29,,,,2021/1/8,100,100,62.5,,,2021/1/8,45.37,87.96,71.76
2021/1/9,29,60098,260967,,,,,,,,,2021/1/9,62.19,83.96,68.44,,,,2021/1/9,56.79,81.67,69.29,,,,2021/1/9,100,100,62.5,,,2021/1/9,45.37,87.96,71.76
2021/1/10,42,55026,213415,,,,,,,,,2021/1/10,62.19,83.96,68.44,,,,2021/1/10,56.79,81.67,69.29,,,,2021/1/10,100,100,62.5,,,2021/1/10,45.37,87.96,71.76
2021/1/11,22,46275,214664,,,,,,,,,2021/1/11,62.19,83.96,68.44,,,,2021/1/11,56.79,81.67,69.29,,,,2021/1/11,100,100,62.5,,,2021/1/11,45.37,87.96,71.76
2021/1/12,17,45648,226967,,,,,,,,,2021/1/12,62.19,83.96,68.44,,,,2021/1/12,56.79,81.67,69.29,,,,2021/1/12,100,100,62.5,,,2021/1/12,45.37,87.96,71.76
2021/1/13,38,47662,230301,,,,,,,,,2021/1/13,62.19,83.96,68.44,,,,2021/1/13,56.79,81.67,69.29,,,,2021/1/13,100,100,62.5,,,2021/1/13,45.37,87.96,71.76
2021/1/14,45,48804,235766,,,,,,,,,2021/1/14,62.19,83.96,68.44,,,,2021/1/14,56.79,81.67,69.29,,,,2021/1/14,100,100,62.5,,,2021/1/14,45.37,87.96,71.76
2021/1/15,30,55885,242780,,,,,,,,,2021/1/15,65.31,83.96,68.44,,,,2021/1/15,60.36,81.67,69.29,,,,2021/1/15,100,100,62.5,,,2021/1/15,50.93,87.96,71.76
2021/1/16,24,41428,201858,,,,,,,,,2021/1/16,65.31,83.96,68.44,,,,2021/1/16,60.36,81.67,69.29,,,,2021/1/16,100,100,62.5,,,2021/1/16,50.93,87.96,71.76
2021/1/17,30,38670,177931,,,,,,,,,2021/1/17,65.31,83.96,68.44,,,,2021/1/17,60.36,81.67,69.29,,,,2021/1/17,100,100,62.5,,,2021/1/17,50.93,87.96,71.76
2021/1/18,14,37610,143598,,,,,,,,,2021/1/18,65.31,83.96,68.44,,,,2021/1/18,60.36,81.67,69.29,,,,2021/1/18,100,100,62.5,,,2021/1/18,50.93,87.96,71.76
2021/1/19,30,33454,176216,,,,,,,,,2021/1/19,65.31,83.96,68.44,,,,2021/1/19,60.36,81.67,69.29,,,,2021/1/19,100,100,62.5,,,2021/1/19,50.93,87.96,71.76
2021/1/20,40,38992,183261,,,,,,,,,2021/1/20,65.31,83.96,68.44,,,,2021/1/20,60.36,81.67,69.29,,,,2021/1/20,100,100,62.5,,,2021/1/20,50.93,87.96,71.76
2021/1/21,38,37977,193856,,,,,,,,,2021/1/21,65.31,83.96,68.44,,,,2021/1/21,60.36,81.67,69.29,,,,2021/1/21,100,100,62.5,,,2021/1/21,50.93,87.96,71.76
2021/1/22,15,40321,190760,,,,,,,,,2021/1/22,65.31,83.96,68.44,,,,2021/1/22,60.36,81.67,69.29,,,,2021/1/22,100,100,62.5,,,2021/1/22,50.93,87.96,71.76
2021/1/23,10,33652,170759,,,,,,,,,2021/1/23,65.31,83.96,68.44,,,,2021/1/23,60.36,81.67,69.29,,,,2021/1/23,100,100,62.5,,,2021/1/23,50.93,87.96,71.76
2021/1/24,48,30111,131198,,,,,,,,,2021/1/24,65.31,83.96,68.44,,,,2021/1/24,60.36,81.67,69.29,,,,2021/1/24,100,100,62.5,,,2021/1/24,50.93,87.96,71.76
2021/1/25,44,22244,151677,,,,,,,,,2021/1/25,65.31,83.96,68.44,,,,2021/1/25,60.36,81.67,69.29,,,,2021/1/25,100,100,62.5,,,2021/1/25,50.93,87.96,71.76
2021/1/26,14,20167,147626,,,,,,,,,2021/1/26,65.31,83.96,68.44,,,,2021/1/26,60.36,81.67,69.29,,,,2021/1/26,100,100,62.5,,,2021/1/26,50.93,87.96,71.76
2021/1/27,25,25369,153961,,,,,,,,,2021/1/27,66.56,83.96,68.44,,,,2021/1/27,61.79,81.67,69.29,,,,2021/1/27,100,100,62.5,,,2021/1/27,50.93,87.96,71.76
2021/1/28,34,28811,168804,,,,,,,,,2021/1/28,66.56,83.96,68.44,,,,2021/1/28,61.79,81.67,69.29,,,,2021/1/28,100,100,62.5,,,2021/1/28,50.93,87.96,71.76
2021/1/29,24,29145,166613,,,,,,,,,2021/1/29,66.56,83.96,68.44,,,,2021/1/29,61.79,81.67,69.29,,,,2021/1/29,100,100,62.5,,,2021/1/29,50.93,87.96,71.76
2021/1/30,58,23400,142459,,,,,,,,,2021/1/30,66.56,83.96,68.44,,,,2021/1/30,61.79,81.67,69.29,,,,2021/1/30,100,100,62.5,,,2021/1/30,50.93,87.96,71.76
2021/1/31,29,21190,112152,,,,,,,,,2021/1/31,66.56,83.96,68.44,,,,2021/1/31,61.79,81.67,69.29,,,,2021/1/31,100,100,62.5,,,2021/1/31,50.93,87.96,71.76
2021/2/1,29,18668,134975,,,,,,,,,2021/2/1,66.56,83.96,68.44,,,,2021/2/1,61.79,81.67,69.29,,,,2021/2/1,100,100,62.5,,,2021/2/1,50.93,87.96,71.76
2021/2/2,19,16906,115303,,,,,,,,,2021/2/2,66.56,83.96,68.44,,,,2021/2/2,61.79,81.67,69.29,,,,2021/2/2,100,100,62.5,,,2021/2/2,50.93,87.96,71.76
2021/2/3,18,19215,121691,,,,,,,,,2021/2/3,66.56,83.96,66.35,,,,2021/2/3,61.79,81.67,66.9,,,,2021/2/3,100,100,62.5,,,2021/2/3,50.93,87.96,68.06
2021/2/4,22,20734,124006,,,,,,,,,2021/2/4,66.56,83.96,66.35,,,,2021/2/4,61.79,81.67,66.9,,,,2021/2/4,100,100,62.5,,,2021/2/4,50.93,87.96,68.06
2021/2/5,25,19204,134422,,,,,,,,,2021/2/5,66.56,83.96,66.35,,,,2021/2/5,61.79,81.67,66.9,,,,2021/2/5,100,100,62.5,,,2021/2/5,50.93,87.96,68.06
2021/2/6,26,18363,104176,,,,,,,,,2021/2/6,66.56,83.96,66.35,,,,2021/2/6,61.79,81.67,66.9,,,,2021/2/6,100,100,62.5,,,2021/2/6,50.93,87.96,68.06
2021/2/7,24,15904,89746,,,,,,,,,2021/2/7,66.56,83.96,66.35,,,,2021/2/7,61.79,81.67,66.9,,,,2021/2/7,100,100,62.5,,,2021/2/7,50.93,87.96,68.06
2021/2/8,22,14138,90438,,,,,,,,,2021/2/8,66.56,83.96,66.35,,,,2021/2/8,61.79,81.67,66.9,,,,2021/2/8,100,100,62.5,,,2021/2/8,50.93,87.96,68.06
2021/2/9,11,12441,95265,,,,,,,,,2021/2/9,66.56,83.96,66.35,,,,2021/2/9,61.79,81.67,66.9,,,,2021/2/9,100,100,62.5,,,2021/2/9,50.93,87.96,68.06
2021/2/10,15,13077,95250,,,,,,,,,2021/2/10,66.56,83.96,66.35,,,,2021/2/10,61.79,81.67,66.9,,,,2021/2/10,100,100,62.5,,,2021/2/10,50.93,87.96,68.06
2021/2/11,12,13543,105764,,,,,,,,,2021/2/11,66.56,83.96,66.35,,,,2021/2/11,61.79,81.67,66.9,,,,2021/2/11,100,100,62.5,,,2021/2/11,50.93,87.96,68.06
2021/2/12,18,15198,99670,,,,,,,,,2021/2/12,66.56,83.96,66.35,,,,2021/2/12,61.79,81.67,66.9,,,,2021/2/12,100,100,62.5,,,2021/2/12,50.93,87.96,68.06
2021/2/13,9,13355,87219,,,,,,,,,2021/2/13,66.56,83.96,66.35,,,,2021/2/13,61.79,81.67,66.9,,,,2021/2/13,100,100,62.5,,,2021/2/13,50.93,87.96,68.06
2021/2/14,14,10991,65135,,,,,,,,,2021/2/14,66.56,83.96,66.35,,,,2021/2/14,61.79,81.67,66.9,,,,2021/2/14,100,100,62.5,,,2021/2/14,50.93,87.96,68.06
2021/2/15,9,9776,54279,,,,,,,,,2021/2/15,66.56,83.96,66.35,,,,2021/2/15,61.79,81.67,66.9,,,,2021/2/15,100,100,62.5,,,2021/2/15,50.93,87.96,68.06
2021/2/16,1,10636,62498,,,,,,,,,2021/2/16,66.56,83.96,66.35,,,,2021/2/16,61.79,81.67,66.9,,,,2021/2/16,100,100,62.5,,,2021/2/16,50.93,87.96,68.06
2021/2/17,11,12760,70139,,,,,,,,,2021/2/17,66.56,83.96,66.35,,,,2021/2/17,61.79,81.67,66.9,,,,2021/2/17,100,100,62.5,,,2021/2/17,50.93,87.96,68.06
2021/2/18,11,12095,69911,,,,,,,,,2021/2/18,66.56,83.96,66.35,,,,2021/2/18,61.79,81.67,66.9,,,,2021/2/18,100,100,62.5,,,2021/2/18,50.93,87.96,68.06
2021/2/19,14,12099,79282,,,,,,,,,2021/2/19,66.56,83.96,66.35,,,,2021/2/19,61.79,81.67,66.9,,,,2021/2/19,100,100,62.5,,,2021/2/19,50.93,87.96,68.06
2021/2/20,12,10453,71608,,,,,,,,,2021/2/20,66.56,83.96,66.35,,,,2021/2/20,61.79,81.67,66.9,,,,2021/2/20,100,100,62.5,,,2021/2/20,50.93,87.96,68.06
2021/2/21,11,9835,57161,,,,,,,,,2021/2/21,66.56,83.96,66.35,,,,2021/2/21,61.79,81.67,66.9,,,,2021/2/21,100,100,62.5,,,2021/2/21,50.93,87.96,68.06
2021/2/22,10,10659,56151,,,,,,,,,2021/2/22,66.56,81.88,66.35,,,,2021/2/22,61.79,79.29,66.9,,,,2021/2/22,100,100,62.5,,,2021/2/22,50.93,86.11,68.06
2021/2/23,4,8523,72278,,,,,,,,,2021/2/23,66.56,81.88,66.35,,,,2021/2/23,61.79,79.29,66.9,,,,2021/2/23,100,100,62.5,,,2021/2/23,50.93,86.11,68.06
2021/2/24,7,9947,74736,,,,,,,,,2021/2/24,66.56,81.88,66.35,,,,2021/2/24,61.79,79.29,66.9,,,,2021/2/24,100,100,62.5,,,2021/2/24,50.93,86.11,68.06
2021/2/25,10,10020,77514,,,,,,,,,2021/2/25,66.56,81.88,66.35,,,,2021/2/25,61.79,79.29,66.9,,,,2021/2/25,100,100,62.5,,,2021/2/25,50.93,86.11,68.06
2021/2/26,13,8588,77333,,,,,,,,,2021/2/26,66.56,81.88,66.35,,,,2021/2/26,61.79,79.29,66.9,,,,2021/2/26,100,100,62.5,,,2021/2/26,50.93,86.11,68.06
2021/2/27,12,7457,64644,,,,,,,,,2021/2/27,66.56,81.88,67.6,,,,2021/2/27,61.79,79.29,68.33,,,,2021/2/27,100,100,62.5,,,2021/2/27,50.93,86.11,68.06
2021/2/28,11,6055,51419,,,,,,,,,2021/2/28,66.56,81.88,67.6,,,,2021/2/28,61.79,79.29,68.33,,,,2021/2/28,100,100,62.5,,,2021/2/28,50.93,86.11,68.06
2021/3/1,12,5462,58099,,,,,,,,,2021/3/1,66.56,81.88,67.6,,,,2021/3/1,61.79,79.29,68.33,,,,2021/3/1,100,100,62.5,,,2021/3/1,50.93,86.11,68.06
2021/3/2,8,6411,57090,,,,,,,,,2021/3/2,66.56,81.88,67.6,,,,2021/3/2,61.79,79.29,68.33,,,,2021/3/2,100,100,62.5,,,2021/3/2,50.93,86.11,68.06
2021/3/3,23,6420,67201,,,,,,,,,2021/3/3,66.56,81.88,67.6,,,,2021/3/3,61.79,79.29,68.33,,,,2021/3/3,100,100,62.5,,,2021/3/3,50.93,86.11,68.06
2021/3/4,19,6644,68057,,,,,,,,,2021/3/4,66.56,81.88,65.52,,,,2021/3/4,61.79,79.29,65.95,,,,2021/3/4,100,100,62.5,,,2021/3/4,50.93,86.11,64.35
2021/3/5,9,6024,66429,,,,,,,,,2021/3/5,66.56,81.88,65.52,,,,2021/3/5,61.79,79.29,65.95,,,,2021/3/5,100,100,62.5,,,2021/3/5,50.93,86.11,64.35
2021/3/6,13,6118,58247,,,,,,,,,2021/3/6,66.56,81.88,65.52,,,,2021/3/6,61.79,79.29,65.95,,,,2021/3/6,100,100,62.5,,,2021/3/6,50.93,86.11,64.35
2021/3/7,13,5260,41075,,,,,,,,,2021/3/7,66.56,81.88,65.52,,,,2021/3/7,61.79,79.29,65.95,,,,2021/3/7,100,100,62.5,,,2021/3/7,50.93,86.11,64.35
2021/3/8,13,4823,44919,,,,,,,,,2021/3/8,66.56,79.79,65.52,,,,2021/3/8,61.79,76.9,65.95,,,,2021/3/8,100,100,62.5,,,2021/3/8,50.93,82.41,64.35
2021/3/9,6,5869,57654,,,,,,,,,2021/3/9,66.56,79.79,65.52,,,,2021/3/9,61.79,76.9,65.95,,,,2021/3/9,100,100,62.5,,,2021/3/9,50.93,82.41,64.35
2021/3/10,10,6021,57908,,,,,,,,,2021/3/10,66.56,79.79,65.52,,,,2021/3/10,61.79,76.9,65.95,,,,2021/3/10,100,100,62.5,,,2021/3/10,50.93,82.41,64.35
2021/3/11,8,6835,62461,,,,,,,,,2021/3/11,66.56,79.79,65.52,,,,2021/3/11,61.79,76.9,65.95,,,,2021/3/11,100,100,62.5,,,2021/3/11,50.93,82.41,64.35
2021/3/12,10,6684,61511,,,,,,,,,2021/3/12,66.56,79.79,65.52,,,,2021/3/12,61.79,76.9,65.95,,,,2021/3/12,100,100,62.5,,,2021/3/12,50.93,82.41,64.35
2021/3/13,8,5617,53029,,,,,,,,,2021/3/13,66.56,77.71,65.52,,,,2021/3/13,61.79,74.52,65.95,,,,2021/3/13,100,100,62.5,,,2021/3/13,50.93,80.56,64.35
2021/3/14,17,4695,38282,,,,,,,,,2021/3/14,66.56,77.71,65.52,,,,2021/3/14,61.79,74.52,65.95,,,,2021/3/14,100,100,62.5,,,2021/3/14,50.93,80.56,64.35
2021/3/15,12,5130,56546,,,,,,,,,2021/3/15,66.56,76.67,65.52,,,,2021/3/15,61.79,73.33,65.95,,,,2021/3/15,100,100,62.5,,,2021/3/15,50.93,78.7,64.35
2021/3/16,11,5363,53993,,,,,,,,,2021/3/16,66.56,76.67,65.52,,,,2021/3/16,61.79,73.33,65.95,,,,2021/3/16,100,100,62.5,,,2021/3/16,50.93,78.7,64.35
2021/3/17,9,5793,59279,,,,,,,,,2021/3/17,66.56,77.92,65.52,,,,2021/3/17,61.79,74.76,65.95,,,,2021/3/17,100,100,62.5,,,2021/3/17,50.93,78.7,64.35
2021/3/18,15,6332,60374,,,,,,,,,2021/3/18,66.56,77.92,65.52,,,,2021/3/18,61.79,74.76,65.95,,,,2021/3/18,100,100,62.5,,,2021/3/18,50.93,78.7,64.35
2021/3/19,15,4872,61666,,,,,,,,,2021/3/19,66.56,77.92,65.52,,,,2021/3/19,61.79,74.76,65.95,,,,2021/3/19,100,100,62.5,,,2021/3/19,50.93,78.7,64.35
2021/3/20,17,5639,55496,,,,,,,,,2021/3/20,66.56,77.92,65.52,,,,2021/3/20,61.79,74.76,65.95,,,,2021/3/20,100,100,62.5,,,2021/3/20,50.93,78.7,64.35
2021/3/21,12,5356,33840,,,,,,,,,2021/3/21,66.56,77.92,65.52,,,,2021/3/21,61.79,74.76,65.95,,,,2021/3/21,100,100,62.5,,,2021/3/21,50.93,78.7,64.35
2021/3/22,12,5407,51433,,,,,,,,,2021/3/22,66.56,77.92,66.56,,,,2021/3/22,61.79,74.76,67.14,,,,2021/3/22,100,100,62.5,,,2021/3/22,50.93,78.7,66.2
2021/3/23,13,5417,53668,,,,,,,,,2021/3/23,66.56,77.92,63.96,,,,2021/3/23,61.79,74.76,64.17,,,,2021/3/23,100,100,62.5,,,2021/3/23,50.93,78.7,61.57
2021/3/24,15,5626,86954,,,,,,,,,2021/3/24,69.06,77.92,63.96,,,,2021/3/24,64.64,74.76,64.17,,,,2021/3/24,100,100,62.5,,,2021/3/24,50.93,78.7,61.57
2021/3/25,17,6277,67549,,,,,,,,,2021/3/25,69.06,77.92,63.96,,,,2021/3/25,64.64,74.76,64.17,,,,2021/3/25,100,100,62.5,,,2021/3/25,50.93,78.7,61.57
2021/3/26,12,6235,77370,,,,,,,,,2021/3/26,69.06,77.92,63.96,,,,2021/3/26,64.64,74.76,64.17,,,,2021/3/26,100,100,62.5,,,2021/3/26,50.93,78.7,61.57
2021/3/27,23,3909,62848,,,,,,,,,2021/3/27,69.06,73.23,63.96,,,,2021/3/27,64.64,69.4,64.17,,,,2021/3/27,100,100,62.5,,,2021/3/27,50.93,70.37,61.57
2021/3/28,12,3947,43220,,,,,,,,,2021/3/28,69.06,73.23,63.96,,,,2021/3/28,64.64,69.4,64.17,,,,2021/3/28,100,100,62.5,,,2021/3/28,50.93,70.37,61.57
2021/3/29,21,4783,69282,,,,,,,,,2021/3/29,69.06,73.23,62.4,,,,2021/3/29,64.64,69.4,62.38,,,,2021/3/29,100,100,62.5,,,2021/3/29,50.93,70.37,58.8
2021/3/30,26,4071,61426,,,,,,,,,2021/3/30,69.06,73.23,62.6,,,,2021/3/30,64.64,69.4,62.62,,,,2021/3/30,100,100,62.5,,,2021/3/30,50.93,70.37,56.94
2021/3/31,34,4115,66769,,,,,,,,,2021/3/31,69.06,73.23,62.6,,,,2021/3/31,64.64,69.4,62.62,,,,2021/3/31,100,100,62.5,,,2021/3/31,50.93,70.37,56.94
2021/4/1,26,4565,79115,,,,,,,,,2021/4/1,69.06,73.23,62.6,,,,2021/4/1,64.64,69.4,62.62,,,,2021/4/1,100,100,62.5,,,2021/4/1,50.93,70.37,56.94
2021/4/2,43,3422,69886,,,,,,,,,2021/4/2,69.06,73.23,62.6,,,,2021/4/2,64.64,69.4,62.62,,,,2021/4/2,100,100,62.5,,,2021/4/2,50.93,70.37,56.94
2021/4/3,18,3424,63258,,,,,,,,,2021/4/3,69.06,73.23,62.6,,,,2021/4/3,64.64,69.4,62.62,,,,2021/4/3,100,100,62.5,,,2021/4/3,50.93,70.37,56.94
2021/4/4,10,2405,35126,,,,,,,,,2021/4/4,69.06,73.23,62.6,,,,2021/4/4,64.64,69.4,62.62,,,,2021/4/4,100,100,62.5,,,2021/4/4,50.93,70.37,56.94
2021/4/5,17,2831,77399,,,,,,,,,2021/4/5,69.06,73.23,62.6,,,,2021/4/5,64.64,69.4,62.62,,,,2021/4/5,100,100,62.5,,,2021/4/5,50.93,70.37,56.94
2021/4/6,24,2404,60690,,,,,,,,,2021/4/6,69.06,73.23,62.6,,,,2021/4/6,64.64,69.4,62.62,,,,2021/4/6,100,100,62.5,,,2021/4/6,50.93,70.37,56.94
2021/4/7,35,2797,75005,,,,,,,,,2021/4/7,69.06,73.23,62.6,,,,2021/4/7,64.64,69.4,62.62,,,,2021/4/7,100,100,62.5,,,2021/4/7,50.93,70.37,56.94
2021/4/8,21,3124,79882,,,,,,,,,2021/4/8,69.06,73.23,62.6,,,,2021/4/8,64.64,69.4,62.62,,,,2021/4/8,100,100,62.5,,,2021/4/8,50.93,70.37,56.94
2021/4/9,26,-4787,82713,,,,,,,,,2021/4/9,69.06,73.23,62.6,,,,2021/4/9,64.64,69.4,62.62,,,,2021/4/9,100,100,62.5,,,2021/4/9,50.93,70.37,56.94
2021/4/10,32,2713,66696,,,,,,,,,2021/4/10,69.06,73.23,62.6,,,,2021/4/10,64.64,69.4,62.62,,,,2021/4/10,100,100,62.5,,,2021/4/10,50.93,70.37,56.94
2021/4/11,20,1730,46506,,,,,,,,,2021/4/11,69.06,73.23,62.6,,,,2021/4/11,64.64,69.4,62.62,,,,2021/4/11,100,100,62.5,,,2021/4/11,50.93,70.37,56.94
2021/4/12,25,3686,70093,,,,,,,,,2021/4/12,69.06,68.02,62.6,,,,2021/4/12,64.64,63.45,62.62,,,,2021/4/12,100,100,62.5,,,2021/4/12,50.93,61.11,56.94
2021/4/13,14,2505,77957,,,,,,,,,2021/4/13,69.06,68.02,62.6,,,,2021/4/13,64.64,63.45,62.62,,,,2021/4/13,100,100,62.5,,,2021/4/13,50.93,61.11,56.94
2021/4/14,27,2529,75413,,,,,,,,,2021/4/14,69.06,68.02,62.6,,,,2021/4/14,64.64,63.45,62.62,,,,2021/4/14,100,100,62.5,,,2021/4/14,50.93,61.11,56.94
2021/4/15,16,2766,74304,,,,,,,,,2021/4/15,69.06,68.02,62.6,,,,2021/4/15,64.64,63.45,62.62,,,,2021/4/15,100,100,62.5,,,2021/4/15,50.93,61.11,56.94
2021/4/16,34,2807,80051,,,,,,,,,2021/4/16,69.06,68.02,62.6,,,,2021/4/16,64.64,63.45,62.62,,,,2021/4/16,100,100,62.5,,,2021/4/16,50.93,61.11,56.94
2021/4/17,39,2273,52546,,,,,,,,,2021/4/17,69.06,68.02,62.6,,,,2021/4/17,64.64,63.45,62.62,,,,2021/4/17,100,100,62.5,,,2021/4/17,50.93,61.11,56.94
2021/4/18,23,1884,42114,,,,,,,,,2021/4/18,69.06,68.02,62.6,,,,2021/4/18,64.64,63.45,62.62,,,,2021/4/18,100,100,62.5,,,2021/4/18,50.93,61.11,56.94
2021/4/19,20,3054,68123,,,,,,,,,2021/4/19,69.06,68.02,63.85,,,,2021/4/19,64.64,63.45,64.05,,,,2021/4/19,100,100,62.5,,,2021/4/19,50.93,61.11,56.94
2021/4/20,14,2530,60941,,,,,,,,,2021/4/20,69.06,68.02,63.85,,,,2021/4/20,64.64,63.45,64.05,,,,2021/4/20,100,100,62.5,,,2021/4/20,50.93,61.11,56.94
2021/4/21,15,2424,62859,,,,,,,,,2021/4/21,69.06,68.02,63.85,,,,2021/4/21,64.64,63.45,64.05,,,,2021/4/21,100,100,62.5,,,2021/4/21,50.93,61.11,56.94
2021/4/22,24,2766,67269,,,,,,,,,2021/4/22,69.06,68.02,63.85,,,,2021/4/22,64.64,63.45,64.05,,,,2021/4/22,100,100,62.5,,,2021/4/22,50.93,61.11,56.94
2021/4/23,39,2754,62405,,,,,,,,,2021/4/23,69.06,68.02,63.85,,,,2021/4/23,64.64,63.45,64.05,,,,2021/4/23,100,100,62.5,,,2021/4/23,50.93,61.11,56.94
2021/4/24,23,2122,53492,,,,,,,,,2021/4/24,69.06,68.02,63.85,,,,2021/4/24,64.64,63.45,64.05,,,,2021/4/24,100,100,62.5,,,2021/4/24,50.93,61.11,56.94
2021/4/25,40,1733,32165,,,,,,,,,2021/4/25,69.06,68.02,63.85,,,,2021/4/25,64.64,63.45,64.05,,,,2021/4/25,100,100,62.5,,,2021/4/25,50.93,61.11,56.94
2021/4/26,45,2119,47566,,,,,,,,,2021/4/26,69.06,68.02,63.85,,,,2021/4/26,64.64,63.45,64.05,,,,2021/4/26,100,100,62.5,,,2021/4/26,50.93,61.11,56.94
2021/4/27,12,2697,50841,,,,,,,,,2021/4/27,69.06,68.02,63.85,,,,2021/4/27,64.64,63.45,64.05,,,,2021/4/27,100,100,62.5,,,2021/4/27,50.93,61.11,56.94
2021/4/28,23,2131,55141,,,,,,,,,2021/4/28,69.06,68.02,63.85,,,,2021/4/28,64.64,63.45,64.05,,,,2021/4/28,100,100,62.5,,,2021/4/28,50.93,61.11,56.94
2021/4/29,35,2459,58255,,,,,,,,,2021/4/29,69.06,68.02,63.85,,,,2021/4/29,64.64,63.45,64.05,,,,2021/4/29,100,100,62.5,,,2021/4/29,50.93,61.11,56.94
2021/4/30,24,2397,57920,,,,,,,,,2021/4/30,69.06,68.02,63.85,,,,2021/4/30,64.64,63.45,64.05,,,,2021/4/30,100,100,62.5,,,2021/4/30,50.93,61.11,56.94
2021/5/1,34,1911,45383,,,,,,,,,2021/5/1,69.06,68.02,63.85,,,,2021/5/1,64.64,63.45,64.05,,,,2021/5/1,100,100,62.5,,,2021/5/1,50.93,61.11,56.94
2021/5/2,39,1674,29404,,,,,,,,,2021/5/2,69.06,68.02,63.85,,,,2021/5/2,64.64,63.45,64.05,,,,2021/5/2,100,100,62.5,,,2021/5/2,50.93,61.11,56.94
2021/5/3,17,1674,50492,,,,,,,,,2021/5/3,69.06,67.24,63.85,,,,2021/5/3,64.64,62.56,64.05,,,,2021/5/3,100,100,62.5,,,2021/5/3,50.93,59.72,56.94
2021/5/4,17,1984,40716,,,,,,,,,2021/5/4,70.1,67.24,63.85,,,,2021/5/4,65.83,62.56,64.05,,,,2021/5/4,100,100,62.5,,,2021/5/4,52.78,59.72,56.94
2021/5/5,16,2155,44713,,,,,,,,,2021/5/5,70.1,67.24,65.1,,,,2021/5/5,65.83,62.56,65.48,,,,2021/5/5,100,100,62.5,,,2021/5/5,52.78,59.72,56.94
2021/5/6,18,2618,47552,,,,,,,,,2021/5/6,70.1,67.24,65.1,,,,2021/5/6,65.83,62.56,65.48,,,,2021/5/6,100,100,62.5,,,2021/5/6,52.78,59.72,56.94
2021/5/7,25,2490,48137,,,,,,,,,2021/5/7,70.1,67.24,65.1,,,,2021/5/7,65.83,62.56,65.48,,,,2021/5/7,100,100,62.5,,,2021/5/7,52.78,59.72,56.94
2021/5/8,20,2056,33676,,,,,,,,,2021/5/8,70.1,67.24,65.1,,,,2021/5/8,65.83,62.56,65.48,,,,2021/5/8,100,100,62.5,,,2021/5/8,52.78,59.72,56.94
2021/5/9,28,1770,21430,,,,,,,,,2021/5/9,70.1,67.24,60.94,,,,2021/5/9,65.83,62.56,62.5,,,,2021/5/9,100,100,50,,,2021/5/9,52.78,59.72,52.31
2021/5/10,19,2378,36804,,,,,,,,,2021/5/10,70.1,67.24,60.94,,,,2021/5/10,65.83,62.56,62.5,,,,2021/5/10,100,100,50,,,2021/5/10,52.78,59.72,52.31
2021/5/11,25,2490,33644,,,,,,,,,2021/5/11,70.1,67.24,60.94,,,,2021/5/11,65.83,62.56,62.5,,,,2021/5/11,100,100,50,,,2021/5/11,52.78,59.72,52.31
2021/5/12,16,2296,35839,,,,,,,,,2021/5/12,70.1,67.24,60.94,,,,2021/5/12,65.83,62.56,62.5,,,,2021/5/12,100,100,50,,,2021/5/12,52.78,59.72,52.31
2021/5/13,34,2663,38076,,,,,,,,,2021/5/13,70.1,67.24,60.94,,,,2021/5/13,65.83,62.56,62.5,,,,2021/5/13,100,100,50,,,2021/5/13,52.78,59.72,52.31
2021/5/14,52,2198,42259,,,,,,,,,2021/5/14,70.1,67.24,60.94,,,,2021/5/14,65.83,62.56,62.5,,,,2021/5/14,100,100,50,,,2021/5/14,52.78,59.72,52.31
2021/5/15,31,2060,28854,,,,,,,,,2021/5/15,70.1,67.24,60.94,,,,2021/5/15,65.83,62.56,62.5,,,,2021/5/15,100,100,50,,,2021/5/15,52.78,59.72,52.31
2021/5/16,49,1926,16887,,,,,,,,,2021/5/16,70.1,67.24,60.94,,,,2021/5/16,65.83,62.56,62.5,,,,2021/5/16,100,100,50,,,2021/5/16,52.78,59.72,52.31
2021/5/17,28,1993,28622,,,,,,,,,2021/5/17,70.1,68.8,60.94,,,,2021/5/17,65.83,64.35,62.5,,,,2021/5/17,100,100,50,,,2021/5/17,52.78,62.5,52.31
2021/5/18,38,-2362,27790,,,,,,,,,2021/5/18,70.1,68.8,60.94,,,,2021/5/18,65.83,64.35,62.5,,,,2021/5/18,100,100,50,,,2021/5/18,52.78,62.5,52.31
2021/5/19,38,2146,29293,,,,,,,,,2021/5/19,73.23,68.8,60.94,,,,2021/5/19,69.4,64.35,62.5,,,,2021/5/19,100,100,50,,,2021/5/19,58.33,62.5,52.31
2021/5/20,41,2699,30208,,,,,,,,,2021/5/20,73.23,68.8,60.94,,,,2021/5/20,69.4,64.35,62.5,,,,2021/5/20,100,100,50,,,2021/5/20,58.33,62.5,52.31
2021/5/21,40,2708,27952,,,,,,,,,2021/5/21,73.23,68.8,60.94,,,,2021/5/21,69.4,64.35,62.5,,,,2021/5/21,100,100,50,,,2021/5/21,58.33,62.5,52.31
2021/5/22,29,2524,19799,,,,,,,,,2021/5/22,73.23,68.8,60.94,,,,2021/5/22,69.4,64.35,62.5,,,,2021/5/22,100,100,50,,,2021/5/22,58.33,62.5,52.31
2021/5/23,25,2093,12866,,,,,,,,,2021/5/23,73.23,68.8,60.94,,,,2021/5/23,69.4,64.35,62.5,,,,2021/5/23,100,100,50,,,2021/5/23,58.33,62.5,46.76
2021/5/24,36,2370,25819,,,,,,,,,2021/5/24,73.23,68.8,60.94,,,,2021/5/24,69.4,64.35,62.5,,,,2021/5/24,100,100,50,,,2021/5/24,58.33,62.5,46.76
2021/5/25,30,2417,22739,,,,,,,,,2021/5/25,73.23,68.8,60.94,,,,2021/5/25,69.4,64.35,62.5,,,,2021/5/25,100,100,50,,,2021/5/25,58.33,62.5,46.76
2021/5/26,26,2991,23972,,,,,,,,,2021/5/26,73.23,68.8,60.94,,,,2021/5/26,69.4,64.35,62.5,,,,2021/5/26,100,100,50,,,2021/5/26,58.33,62.5,46.76
2021/5/27,24,3384,27454,,,,,,,,,2021/5/27,73.23,68.8,60.94,,,,2021/5/27,69.4,64.35,62.5,,,,2021/5/27,100,100,50,,,2021/5/27,58.33,62.5,46.76
2021/5/28,30,4030,21858,,,,,,,,,2021/5/28,73.23,68.8,60.94,,,,2021/5/28,69.4,64.35,62.5,,,,2021/5/28,100,100,50,,,2021/5/28,58.33,62.5,46.76
2021/5/29,33,3241,11999,,,,,,,,,2021/5/29,73.23,68.8,60.94,,,,2021/5/29,69.4,64.35,62.5,,,,2021/5/29,100,100,50,,,2021/5/29,58.33,62.5,46.76
2021/5/30,25,3114,6733,,,,,,,,,2021/5/30,73.23,68.8,60.94,,,,2021/5/30,69.4,64.35,62.5,,,,2021/5/30,100,100,50,,,2021/5/30,58.33,62.5,46.76
2021/5/31,23,3294,5776,,,,,,,,,2021/5/31,73.23,68.8,60.94,,,,2021/5/31,69.4,64.35,62.5,,,,2021/5/31,100,100,50,,,2021/5/31,58.33,62.5,46.76
